min,-5.120000,max,5.120000,populationsize,500,children,80
gen,best,worst,alpha,,var_x[0],var_x[1],var_x[2],var_x[3],var_x[4],var_x[5],var_x[6],var_x[7],var_x[8],var_x[9],var_x[10],var_x[11],var_x[12],var_x[13],var_x[14],var_x[15],var_x[16],var_x[17],var_x[18],var_x[19],,best_x[0],best_x[1],best_x[2],best_x[3],best_x[4],best_x[5],best_x[6],best_x[7],best_x[8],best_x[9],best_x[10],best_x[11],best_x[12],best_x[13],best_x[14],best_x[15],best_x[16],best_x[17],best_x[18],best_x[19],,distance
1,226.212922,510.348002,1.004257,,8.164339,8.457348,8.084517,8.243598,9.204612,8.405866,8.737713,8.989238,9.172701,8.998592,8.552278,8.943293,8.379892,8.760548,9.115044,9.197728,8.517519,8.429443,8.723409,8.592263,,-1.036189,-0.617291,-0.974467,1.085926,-1.136823,-1.726540,1.219304,1.143529,-0.968862,-4.291753,-3.167816,-1.041364,-3.619993,3.606220,-3.994843,1.345704,-1.213144,-0.083147,-1.036720,-0.683967,,0.403509
2,206.039706,510.348002,1.012576,,8.079926,8.374643,7.970719,8.222979,9.123167,8.247554,8.629515,8.776433,8.939594,8.829348,8.425158,8.852868,8.152252,8.554336,8.979106,8.990691,8.311171,8.290788,8.491606,8.566718,,-2.170740,1.155553,3.932693,-0.946102,0.607123,-3.716604,-2.837030,1.103293,-1.087549,-3.816308,0.329957,-2.006037,0.670084,-1.059420,-2.246336,0.929071,1.867809,3.044842,-2.307323,-0.970685,,0.384371
3,206.039706,510.348002,1.017758,,7.946701,8.186861,7.923072,8.070427,8.914368,8.110294,8.563452,8.529163,8.810811,8.739691,8.359245,8.666463,8.081325,8.303165,8.854411,8.937816,8.154781,8.207564,8.262875,8.526630,,-2.170740,1.155553,3.932693,-0.946102,0.607123,-3.716604,-2.837030,1.103293,-1.087549,-3.816308,0.329957,-2.006037,0.670084,-1.059420,-2.246336,0.929071,1.867809,3.044842,-2.307323,-0.970685,,0.407959
4,206.039706,510.348002,1.019192,,7.906563,8.186984,7.921575,8.037297,8.654687,7.909714,8.513027,8.525462,8.646928,8.706687,8.260882,8.566765,7.944120,8.139405,8.543615,8.772382,8.046600,8.032538,8.205964,8.357757,,-2.170740,1.155553,3.932693,-0.946102,0.607123,-3.716604,-2.837030,1.103293,-1.087549,-3.816308,0.329957,-2.006037,0.670084,-1.059420,-2.246336,0.929071,1.867809,3.044842,-2.307323,-0.970685,,0.408909
5,165.920279,510.348002,1.019484,,7.948443,8.125619,7.905301,7.873301,8.568947,7.738496,8.496489,8.375797,8.533175,8.496777,8.192548,8.469053,7.858208,8.074930,8.381602,8.656831,7.883667,7.992220,8.127547,8.340464,,0.031129,2.031878,3.096132,2.191565,0.075134,-4.060887,-1.577542,-1.060717,0.149409,-1.840418,-0.002467,0.799774,0.719707,-1.187969,0.917241,0.056264,0.907112,-0.817746,-1.305622,-3.609983,,0.418883
6,165.920279,510.348002,1.018605,,7.923945,7.847060,7.715864,7.817573,8.391564,7.633827,8.438323,8.207036,8.443544,8.308816,8.041869,8.371560,7.779711,7.941587,8.286571,8.521930,7.797629,7.973912,7.967971,8.193988,,0.031129,2.031878,3.096132,2.191565,0.075134,-4.060887,-1.577542,-1.060717,0.149409,-1.840418,-0.002467,0.799774,0.719707,-1.187969,0.917241,0.056264,0.907112,-0.817746,-1.305622,-3.609983,,0.425874
7,165.920279,510.348002,1.023205,,7.586592,7.857405,7.656007,7.623480,8.120795,7.450612,8.356102,8.173175,8.312403,8.260823,7.934917,8.291275,7.689975,7.837552,8.212785,8.439841,7.699815,7.955668,7.813155,8.175404,,0.031129,2.031878,3.096132,2.191565,0.075134,-4.060887,-1.577542,-1.060717,0.149409,-1.840418,-0.002467,0.799774,0.719707,-1.187969,0.917241,0.056264,0.907112,-0.817746,-1.305622,-3.609983,,0.420946
8,208.980146,510.348002,1.023284,,7.526405,7.620380,7.597639,7.506276,7.955959,7.291504,8.400348,8.162925,8.088235,8.092602,7.875364,8.274570,7.672066,7.740905,8.043837,8.347213,7.592055,7.915691,7.660048,7.829259,,-0.433706,0.058260,-1.071136,0.808611,3.091462,-1.831769,0.930928,-2.563529,1.182635,0.077665,1.223514,-0.548845,-0.948078,-2.135478,-3.017757,-3.217974,4.010799,-0.476081,2.142314,-1.276412,,0.411252
9,208.980146,510.348002,1.025585,,7.345188,7.621155,7.499580,7.532185,7.936390,7.132172,8.336441,8.140283,8.063504,7.887858,7.708062,8.302512,7.482838,7.584020,7.758552,8.333107,7.493967,7.881191,7.485384,7.753050,,-0.433706,0.058260,-1.071136,0.808611,3.091462,-1.831769,0.930928,-2.563529,1.182635,0.077665,1.223514,-0.548845,-0.948078,-2.135478,-3.017757,-3.217974,4.010799,-0.476081,2.142314,-1.276412,,0.439777
10,208.980146,510.348002,1.023936,,7.204200,7.531278,7.416814,7.415560,7.769553,6.940373,8.211256,8.063099,7.839595,7.831309,7.766834,8.142711,7.399531,7.471756,7.699303,8.133357,7.326249,7.774499,7.350108,7.721764,,-0.433706,0.058260,-1.071136,0.808611,3.091462,-1.831769,0.930928,-2.563529,1.182635,0.077665,1.223514,-0.548845,-0.948078,-2.135478,-3.017757,-3.217974,4.010799,-0.476081,2.142314,-1.276412,,0.438155
11,208.980146,510.348002,1.025138,,7.082353,7.508410,7.325444,7.252898,7.684951,6.930442,7.949094,7.972046,7.588409,7.650521,7.744248,7.890498,7.253308,7.319880,7.496620,8.123827,7.243196,7.454536,7.348119,7.643510,,-0.433706,0.058260,-1.071136,0.808611,3.091462,-1.831769,0.930928,-2.563529,1.182635,0.077665,1.223514,-0.548845,-0.948078,-2.135478,-3.017757,-3.217974,4.010799,-0.476081,2.142314,-1.276412,,0.438953
12,217.001467,510.348002,1.026200,,7.039141,7.364931,7.300388,7.072910,7.683306,6.822080,7.928322,7.879037,7.431448,7.588075,7.574194,7.926153,7.073433,7.318086,7.355073,8.128878,7.156901,7.380085,7.334018,7.593740,,1.219798,-1.793599,-0.276761,-0.083120,-3.049010,-0.802746,2.167142,-1.581363,3.997172,0.797645,0.379815,3.901071,-0.728442,-0.828029,-3.739901,-0.898461,0.959817,0.201513,0.105466,1.450697,,0.436536
13,217.001467,510.348002,1.026429,,6.966403,7.245649,7.374178,7.055809,7.675526,6.713040,7.896546,7.567101,7.342489,7.554706,7.295542,7.931225,7.129441,7.104655,7.177552,7.792102,7.102904,7.235394,7.261943,7.640921,,1.219798,-1.793599,-0.276761,-0.083120,-3.049010,-0.802746,2.167142,-1.581363,3.997172,0.797645,0.379815,3.901071,-0.728442,-0.828029,-3.739901,-0.898461,0.959817,0.201513,0.105466,1.450697,,0.475011
14,219.279104,510.348002,1.031741,,6.934128,7.356597,7.326353,7.047726,7.673922,6.728724,7.801753,7.451763,7.160219,7.535651,7.240380,7.888094,7.068615,7.055179,7.177432,7.765392,7.046821,7.164602,7.171363,7.661471,,-2.273686,-2.896159,-0.695672,-1.810440,-2.886139,2.262614,-4.079559,-0.718452,0.600966,-0.778369,-0.839929,0.796916,2.260337,0.855801,-2.131602,-2.023534,1.077010,-3.000090,3.154552,-0.699818,,0.493949
15,219.279104,510.348002,1.035076,,6.890552,7.258941,7.172353,6.819904,7.615739,6.687907,7.636329,7.400039,7.097668,7.506409,7.249689,7.820232,6.882774,6.913053,7.070983,7.676009,7.023969,7.086752,7.231322,7.724732,,-2.273686,-2.896159,-0.695672,-1.810440,-2.886139,2.262614,-4.079559,-0.718452,0.600966,-0.778369,-0.839929,0.796916,2.260337,0.855801,-2.131602,-2.023534,1.077010,-3.000090,3.154552,-0.699818,,0.470613
16,216.523161,510.348002,1.038150,,6.868869,7.156113,7.123658,6.763609,7.483751,6.688023,7.432323,7.246945,7.029595,7.442159,7.147247,7.749787,6.775896,6.852610,7.142045,7.539372,6.965791,6.961115,7.204432,7.702145,,0.038267,-2.050931,0.931477,1.141077,-2.185195,-2.164563,-0.836099,2.788136,0.722289,4.081752,-0.867118,3.453664,0.141343,-3.686608,1.980052,4.036799,-1.313014,1.159838,1.295804,-1.803978,,0.448755
17,201.781075,492.887807,1.040866,,6.686513,7.102438,7.015299,6.719084,7.352491,6.604622,7.414784,7.079165,6.953954,7.319038,6.967537,7.646338,6.645586,6.731655,7.033047,7.409826,6.843506,7.001172,7.144122,7.717671,,1.529547,-4.074773,1.013593,-1.917217,2.651065,1.904600,2.082759,3.293258,1.754274,-0.909335,1.225954,-2.308524,-0.172527,0.220713,1.216789,-0.900569,0.125998,0.708596,0.186946,-0.818830,,0.433999
18,201.781075,492.887807,1.039592,,6.589862,6.977162,7.027345,6.626469,7.215790,6.553313,7.442736,7.088131,6.972330,7.226214,6.888182,7.544454,6.641848,6.689915,7.029665,7.240157,6.698701,7.007596,7.093394,7.643722,,1.529547,-4.074773,1.013593,-1.917217,2.651065,1.904600,2.082759,3.293258,1.754274,-0.909335,1.225954,-2.308524,-0.172527,0.220713,1.216789,-0.900569,0.125998,0.708596,0.186946,-0.818830,,0.456104
19,201.781075,492.887807,1.043393,,6.578265,6.860678,6.845702,6.614657,7.105547,6.408324,7.335795,6.995809,6.863810,7.093409,6.818457,7.439358,6.640223,6.507035,6.912302,7.158133,6.384961,7.052181,7.014631,7.463058,,1.529547,-4.074773,1.013593,-1.917217,2.651065,1.904600,2.082759,3.293258,1.754274,-0.909335,1.225954,-2.308524,-0.172527,0.220713,1.216789,-0.900569,0.125998,0.708596,0.186946,-0.818830,,0.472252
20,201.781075,492.887807,1.047602,,6.349825,6.738954,6.910407,6.593732,7.009954,6.364959,7.269165,6.970087,6.759512,7.064642,6.720181,7.412559,6.602662,6.393210,6.735617,7.080943,6.445384,6.959572,6.922232,7.445766,,1.529547,-4.074773,1.013593,-1.917217,2.651065,1.904600,2.082759,3.293258,1.754274,-0.909335,1.225954,-2.308524,-0.172527,0.220713,1.216789,-0.900569,0.125998,0.708596,0.186946,-0.818830,,0.467489
21,201.781075,492.887807,1.052098,,6.274857,6.622883,6.886635,6.492076,6.975047,6.324953,7.150205,6.936308,6.695998,6.964583,6.647027,7.284680,6.546901,6.320037,6.733969,7.057197,6.282017,6.871474,6.827631,7.337527,,1.529547,-4.074773,1.013593,-1.917217,2.651065,1.904600,2.082759,3.293258,1.754274,-0.909335,1.225954,-2.308524,-0.172527,0.220713,1.216789,-0.900569,0.125998,0.708596,0.186946,-0.818830,,0.513981
22,201.781075,492.887807,1.052790,,6.380098,6.732939,6.742353,6.457070,6.848786,6.232084,7.132342,6.802841,6.558088,6.830170,6.510481,7.113049,6.452292,6.441000,6.666607,6.970609,6.292674,6.858889,6.749108,7.202772,,1.529547,-4.074773,1.013593,-1.917217,2.651065,1.904600,2.082759,3.293258,1.754274,-0.909335,1.225954,-2.308524,-0.172527,0.220713,1.216789,-0.900569,0.125998,0.708596,0.186946,-0.818830,,0.451787
23,190.680124,492.887807,1.061155,,6.452642,6.612385,6.666093,6.484739,6.887366,6.118410,7.148840,6.846148,6.494490,6.821047,6.401567,7.069808,6.304885,6.317826,6.552760,6.929056,6.225045,6.771304,6.627593,7.123978,,0.442615,-1.211540,0.011813,-2.353101,0.062483,1.955723,0.906014,2.306420,-1.108868,-0.189242,2.040194,-3.471880,-2.022570,-2.677670,-2.897501,0.081331,-1.890872,0.889517,1.018766,2.336261,,0.461818
24,216.523161,492.887807,1.063164,,6.350589,6.514142,6.721172,6.365984,6.762463,6.028272,7.042786,6.780577,6.392875,6.865670,6.345142,6.870521,6.259607,6.260061,6.449217,7.000839,6.161720,6.776509,6.670765,7.009427,,0.038267,-2.050931,0.931477,1.141077,-2.185195,-2.164563,-0.836099,2.788136,0.722289,4.081752,-0.867118,3.453664,0.141343,-3.686608,1.980052,4.036799,-1.313014,1.159838,1.295804,-1.803978,,0.428679
25,213.752678,492.887807,1.064352,,6.121041,6.456247,6.643486,6.391235,6.583366,5.879558,6.990607,6.737112,6.359283,6.837061,6.322855,6.773222,6.228020,6.179705,6.349128,6.989332,6.061023,6.734160,6.549225,6.971310,,-0.716914,0.593684,-1.949187,3.104442,0.961685,0.541228,-0.203028,-3.053367,1.829087,0.282860,-0.165172,-1.492585,-1.757495,1.930117,-0.191563,-0.399858,-1.816835,-0.945201,0.508806,-1.184409,,0.438138
26,213.752678,492.887807,1.065413,,6.062910,6.367694,6.619378,6.307862,6.555170,6.032754,6.906206,6.652160,6.331182,6.752795,6.288837,6.659686,6.214497,6.094928,6.445718,6.948086,5.998213,6.604664,6.459453,6.906127,,-0.716914,0.593684,-1.949187,3.104442,0.961685,0.541228,-0.203028,-3.053367,1.829087,0.282860,-0.165172,-1.492585,-1.757495,1.930117,-0.191563,-0.399858,-1.816835,-0.945201,0.508806,-1.184409,,0.430552
27,213.752678,492.887807,1.065794,,6.014056,6.266407,6.405656,6.245612,6.505659,6.022239,6.843919,6.424214,6.114697,6.617718,6.244194,6.566495,6.241223,6.015061,6.347326,6.936293,5.762288,6.561262,6.344523,6.858848,,-0.716914,0.593684,-1.949187,3.104442,0.961685,0.541228,-0.203028,-3.053367,1.829087,0.282860,-0.165172,-1.492585,-1.757495,1.930117,-0.191563,-0.399858,-1.816835,-0.945201,0.508806,-1.184409,,0.417019
28,213.752678,492.887807,1.066190,,6.022851,6.172081,6.429060,6.199592,6.412647,5.930726,6.750653,6.289135,6.069514,6.613510,6.169383,6.534072,6.186692,6.002017,6.273646,6.833040,5.812320,6.593061,6.279973,6.759069,,-0.716914,0.593684,-1.949187,3.104442,0.961685,0.541228,-0.203028,-3.053367,1.829087,0.282860,-0.165172,-1.492585,-1.757495,1.930117,-0.191563,-0.399858,-1.816835,-0.945201,0.508806,-1.184409,,0.408191
29,199.587810,492.887807,1.067574,,6.006872,6.083825,6.420907,6.223636,6.365218,5.927399,6.758029,6.246571,6.144080,6.605203,5.996093,6.478640,6.208647,5.890976,6.247521,6.670079,5.742479,6.547594,6.143267,6.714206,,3.950155,-0.923356,1.049702,-0.118132,1.058068,-3.212267,0.703662,0.011691,-3.834730,3.515118,-0.571036,-1.145392,-0.071628,-0.184682,-2.403882,-1.962765,0.187824,-1.603108,-0.903312,-1.098489,,0.413642
30,199.587810,492.887807,1.066176,,5.930586,6.129391,6.280377,6.228501,6.244684,5.706691,6.718193,6.240840,6.071547,6.566103,5.852292,6.127220,6.123503,5.802763,6.193808,6.517076,5.754880,6.525669,6.102610,6.593385,,3.950155,-0.923356,1.049702,-0.118132,1.058068,-3.212267,0.703662,0.011691,-3.834730,3.515118,-0.571036,-1.145392,-0.071628,-0.184682,-2.403882,-1.962765,0.187824,-1.603108,-0.903312,-1.098489,,0.422936
31,199.587810,492.887807,1.066209,,5.876771,6.093658,6.216933,6.139004,6.177120,5.540106,6.718727,6.123024,6.138150,6.303051,5.771445,6.172207,6.088731,5.709763,6.159976,6.502025,5.644963,6.341562,6.095280,6.499550,,3.950155,-0.923356,1.049702,-0.118132,1.058068,-3.212267,0.703662,0.011691,-3.834730,3.515118,-0.571036,-1.145392,-0.071628,-0.184682,-2.403882,-1.962765,0.187824,-1.603108,-0.903312,-1.098489,,0.400275
32,199.587810,492.887807,1.069956,,6.010978,6.016941,6.175032,5.988810,6.061809,5.602610,6.573037,6.087908,6.046030,6.268930,5.619956,6.046039,6.072143,5.643976,6.182003,6.435119,5.676652,6.291005,5.943091,6.519249,,3.950155,-0.923356,1.049702,-0.118132,1.058068,-3.212267,0.703662,0.011691,-3.834730,3.515118,-0.571036,-1.145392,-0.071628,-0.184682,-2.403882,-1.962765,0.187824,-1.603108,-0.903312,-1.098489,,0.391422
33,199.587810,492.887807,1.068949,,6.004409,5.894933,6.170227,6.092429,6.076326,5.600975,6.535684,5.894183,5.916116,6.285044,5.646168,5.922060,6.104913,5.629515,6.217487,6.325018,5.654143,6.317715,5.882718,6.547432,,3.950155,-0.923356,1.049702,-0.118132,1.058068,-3.212267,0.703662,0.011691,-3.834730,3.515118,-0.571036,-1.145392,-0.071628,-0.184682,-2.403882,-1.962765,0.187824,-1.603108,-0.903312,-1.098489,,0.398849
34,199.587810,492.887807,1.070503,,5.906123,5.824135,6.168653,6.023039,6.003606,5.524664,6.432647,5.845242,5.904820,6.234914,5.620730,5.902978,6.058956,5.658237,6.086024,6.220108,5.578563,6.206168,5.732237,6.514335,,3.950155,-0.923356,1.049702,-0.118132,1.058068,-3.212267,0.703662,0.011691,-3.834730,3.515118,-0.571036,-1.145392,-0.071628,-0.184682,-2.403882,-1.962765,0.187824,-1.603108,-0.903312,-1.098489,,0.403358
35,199.587810,492.887807,1.076027,,5.829036,5.832748,6.117060,6.012821,6.002670,5.522945,6.358860,5.791461,5.904855,6.169896,5.674621,5.719856,6.073621,5.570993,5.973790,6.007998,5.507349,6.197442,5.621954,6.406405,,3.950155,-0.923356,1.049702,-0.118132,1.058068,-3.212267,0.703662,0.011691,-3.834730,3.515118,-0.571036,-1.145392,-0.071628,-0.184682,-2.403882,-1.962765,0.187824,-1.603108,-0.903312,-1.098489,,0.378050
36,199.510373,492.887807,1.076304,,5.802400,5.873768,5.962304,6.011604,6.021351,5.561545,6.260117,5.784143,5.828642,6.167788,5.659620,5.655117,6.120869,5.480948,5.951602,5.997305,5.539279,6.103475,5.582281,6.412583,,2.979835,2.116646,-0.027173,0.546074,-0.932587,0.717068,-2.841126,0.082446,0.670929,-2.276506,1.102360,-1.927118,-0.216963,-2.337747,-1.535023,-1.965447,-3.906110,3.038809,-0.262831,0.895920,,0.375619
37,199.510373,492.887807,1.083397,,5.791319,5.843240,5.962450,5.999074,6.100353,5.576486,6.251007,5.736130,5.755584,6.125685,5.660226,5.560627,5.995543,5.408843,5.983720,5.956135,5.483898,6.091459,5.529074,6.383441,,2.979835,2.116646,-0.027173,0.546074,-0.932587,0.717068,-2.841126,0.082446,0.670929,-2.276506,1.102360,-1.927118,-0.216963,-2.337747,-1.535023,-1.965447,-3.906110,3.038809,-0.262831,0.895920,,0.407392
38,199.510373,492.887807,1.085203,,5.759839,5.881997,5.940782,5.846479,5.998748,5.526601,6.149646,5.702476,5.670880,6.127340,5.612967,5.446715,5.951033,5.331874,5.924344,5.956808,5.537176,6.114946,5.558076,6.252745,,2.979835,2.116646,-0.027173,0.546074,-0.932587,0.717068,-2.841126,0.082446,0.670929,-2.276506,1.102360,-1.927118,-0.216963,-2.337747,-1.535023,-1.965447,-3.906110,3.038809,-0.262831,0.895920,,0.396562
39,199.510373,492.887807,1.087391,,5.622361,5.967182,6.009502,5.721713,5.856952,5.464918,5.980201,5.610724,5.721727,6.130678,5.574455,5.426231,5.904984,5.257535,5.847845,5.931183,5.431687,6.051912,5.497929,6.240827,,2.979835,2.116646,-0.027173,0.546074,-0.932587,0.717068,-2.841126,0.082446,0.670929,-2.276506,1.102360,-1.927118,-0.216963,-2.337747,-1.535023,-1.965447,-3.906110,3.038809,-0.262831,0.895920,,0.381403
40,199.510373,492.887807,1.088467,,5.567002,5.967316,5.900228,5.743610,5.855134,5.528079,5.994282,5.625908,5.670479,6.105874,5.504845,5.353693,5.934389,5.247154,5.878311,5.858538,5.432503,5.985873,5.438717,6.086736,,2.979835,2.116646,-0.027173,0.546074,-0.932587,0.717068,-2.841126,0.082446,0.670929,-2.276506,1.102360,-1.927118,-0.216963,-2.337747,-1.535023,-1.965447,-3.906110,3.038809,-0.262831,0.895920,,0.397202
41,202.289622,492.887807,1.091300,,5.504887,5.883721,5.890137,5.800409,5.804564,5.462271,5.755544,5.640982,5.539476,6.172378,5.474800,5.285631,5.892156,5.244592,5.928524,5.666933,5.522637,5.964542,5.456205,6.046930,,2.875858,1.700374,0.983173,-2.166666,-0.140167,2.867987,-0.641289,2.092051,0.531192,-0.575134,1.003630,0.796241,2.723611,1.182709,-2.810793,-1.188708,-0.904472,1.337229,0.186369,-1.945883,,0.380147
42,201.958395,492.887807,1.092989,,5.522152,5.843803,5.861642,5.745729,5.802789,5.480630,5.709386,5.632035,5.443997,6.075068,5.440573,5.353428,5.857637,5.357118,5.993795,5.658677,5.447198,5.939614,5.370290,6.102400,,-1.721489,-0.190116,3.142406,2.218541,2.002745,4.080285,-0.584491,-0.901446,1.598159,0.040881,-0.431319,2.000479,0.421736,1.268733,1.205341,0.199566,-0.040922,2.842298,-0.956081,-2.060418,,0.358721
43,201.958395,492.887807,1.094575,,5.478937,5.788804,5.812068,5.661653,5.867712,5.351250,5.705820,5.618955,5.398593,6.054492,5.346039,5.220449,5.852287,5.406443,6.068482,5.621538,5.560768,5.891499,5.334577,5.996244,,-1.721489,-0.190116,3.142406,2.218541,2.002745,4.080285,-0.584491,-0.901446,1.598159,0.040881,-0.431319,2.000479,0.421736,1.268733,1.205341,0.199566,-0.040922,2.842298,-0.956081,-2.060418,,0.382183
44,200.383662,492.887807,1.093215,,5.336308,5.747058,5.812660,5.567957,5.758387,5.333533,5.653124,5.482583,5.476557,6.078815,5.256673,5.263689,5.825758,5.382822,5.993736,5.497092,5.565627,5.917599,5.317082,5.927988,,-2.959471,-2.796736,-1.009766,-2.550328,-0.222779,0.010270,0.348897,-1.063672,-0.855432,0.096141,0.363435,1.353501,0.815864,-0.630981,-2.136589,0.039765,3.206694,1.875761,-0.846708,-1.591714,,0.368353
45,181.144931,492.887807,1.098035,,5.210398,5.688972,5.857496,5.463758,5.641180,5.402272,5.595086,5.590046,5.451303,5.966955,5.261485,5.261119,5.712301,5.274708,5.891630,5.529488,5.589946,5.911902,5.245875,5.948306,,-1.968884,1.177608,0.287710,-0.903169,-1.285087,1.915511,-0.315689,-0.715088,2.060784,-0.968232,0.984352,-2.830185,-1.214373,-1.061106,1.779902,1.706981,1.071931,-2.590470,0.585535,-1.930509,,0.386692
46,181.144931,492.887807,1.100259,,5.140726,5.727563,5.902676,5.417204,5.710814,5.365457,5.633086,5.545989,5.421443,5.879533,5.217708,5.228875,5.714322,5.360660,5.976654,5.441225,5.505400,5.863517,5.175214,5.819396,,-1.968884,1.177608,0.287710,-0.903169,-1.285087,1.915511,-0.315689,-0.715088,2.060784,-0.968232,0.984352,-2.830185,-1.214373,-1.061106,1.779902,1.706981,1.071931,-2.590470,0.585535,-1.930509,,0.393541
47,181.144931,492.887807,1.100309,,5.109265,5.783892,5.913841,5.388047,5.743163,5.350237,5.643036,5.487495,5.337195,5.847599,5.310366,5.321041,5.651971,5.280244,5.960476,5.524179,5.430637,5.929752,5.115987,5.823295,,-1.968884,1.177608,0.287710,-0.903169,-1.285087,1.915511,-0.315689,-0.715088,2.060784,-0.968232,0.984352,-2.830185,-1.214373,-1.061106,1.779902,1.706981,1.071931,-2.590470,0.585535,-1.930509,,0.414212
48,181.144931,492.887807,1.102556,,5.115040,5.683804,5.797717,5.377435,5.776810,5.313681,5.610669,5.555828,5.320108,5.810968,5.308689,5.325180,5.694193,5.247924,5.881129,5.586000,5.430824,5.896078,5.108137,5.785842,,-1.968884,1.177608,0.287710,-0.903169,-1.285087,1.915511,-0.315689,-0.715088,2.060784,-0.968232,0.984352,-2.830185,-1.214373,-1.061106,1.779902,1.706981,1.071931,-2.590470,0.585535,-1.930509,,0.386276
49,181.144931,492.887807,1.109882,,5.135374,5.641555,5.825337,5.281079,5.752816,5.359284,5.662214,5.437917,5.279981,5.716946,5.231346,5.316449,5.609784,5.184517,5.860743,5.663647,5.533605,5.873887,5.222751,5.794901,,-1.968884,1.177608,0.287710,-0.903169,-1.285087,1.915511,-0.315689,-0.715088,2.060784,-0.968232,0.984352,-2.830185,-1.214373,-1.061106,1.779902,1.706981,1.071931,-2.590470,0.585535,-1.930509,,0.433286
50,181.144931,492.887807,1.114200,,5.012904,5.671793,5.783958,5.080446,5.713163,5.562930,5.693053,5.405111,5.225296,5.580905,5.158240,5.359511,5.548958,5.136317,5.774088,5.569035,5.504407,5.652387,5.197640,5.761018,,-1.968884,1.177608,0.287710,-0.903169,-1.285087,1.915511,-0.315689,-0.715088,2.060784,-0.968232,0.984352,-2.830185,-1.214373,-1.061106,1.779902,1.706981,1.071931,-2.590470,0.585535,-1.930509,,0.487406
51,181.144931,492.887807,1.117927,,5.027591,5.735712,5.739719,5.081819,5.689332,5.486193,5.708059,5.358595,5.169268,5.510657,5.164494,5.378255,5.613496,5.163607,5.886874,5.577100,5.505749,5.571297,5.154181,5.739150,,-1.968884,1.177608,0.287710,-0.903169,-1.285087,1.915511,-0.315689,-0.715088,2.060784,-0.968232,0.984352,-2.830185,-1.214373,-1.061106,1.779902,1.706981,1.071931,-2.590470,0.585535,-1.930509,,0.470265
52,181.144931,492.887807,1.120798,,4.955509,5.767207,5.589253,5.128750,5.626238,5.491959,5.712376,5.281924,5.112136,5.439584,5.174598,5.353081,5.559582,5.114504,5.816569,5.433910,5.331012,5.460734,5.090220,5.702859,,-1.968884,1.177608,0.287710,-0.903169,-1.285087,1.915511,-0.315689,-0.715088,2.060784,-0.968232,0.984352,-2.830185,-1.214373,-1.061106,1.779902,1.706981,1.071931,-2.590470,0.585535,-1.930509,,0.511793
53,201.958395,492.887807,1.120900,,4.943164,5.808466,5.425803,5.247525,5.576871,5.519210,5.743121,5.186760,4.979608,5.378462,5.188053,5.195179,5.637178,5.163253,5.736252,5.441270,5.477825,5.343682,4.988999,5.632824,,-1.721489,-0.190116,3.142406,2.218541,2.002745,4.080285,-0.584491,-0.901446,1.598159,0.040881,-0.431319,2.000479,0.421736,1.268733,1.205341,0.199566,-0.040922,2.842298,-0.956081,-2.060418,,0.525884
54,200.257034,492.887807,1.125038,,4.890309,5.794010,5.327781,5.270393,5.503272,5.412085,5.801738,5.251217,5.001961,5.364944,5.142830,5.223958,5.580894,5.149398,5.640652,5.361859,5.398503,5.282572,5.028457,5.577995,,-0.096163,-1.253604,0.547783,3.705376,2.817819,1.086899,0.981154,2.710254,-1.583741,0.941410,-1.874047,1.148588,5.098595,1.118805,-1.089969,0.235378,1.873209,-1.220191,1.852199,1.012605,,0.534410
55,200.257034,484.799380,1.126237,,4.961854,5.823549,5.248794,5.220980,5.469557,5.365214,5.709560,5.330760,4.921292,5.365656,5.053452,5.157305,5.581870,5.097557,5.474158,5.198849,5.338332,5.258370,5.012284,5.585273,,-0.096163,-1.253604,0.547783,3.705376,2.817819,1.086899,0.981154,2.710254,-1.583741,0.941410,-1.874047,1.148588,5.098595,1.118805,-1.089969,0.235378,1.873209,-1.220191,1.852199,1.012605,,0.562950
56,200.257034,484.799380,1.134102,,4.868206,5.826601,5.163860,5.169434,5.474638,5.289550,5.651180,5.234085,4.929678,5.292635,5.091649,5.078545,5.566680,5.142312,5.276247,5.156527,5.282750,5.160410,5.018829,5.538736,,-0.096163,-1.253604,0.547783,3.705376,2.817819,1.086899,0.981154,2.710254,-1.583741,0.941410,-1.874047,1.148588,5.098595,1.118805,-1.089969,0.235378,1.873209,-1.220191,1.852199,1.012605,,0.646522
57,200.257034,484.799380,1.136299,,4.828157,5.827775,5.104048,5.054363,5.513568,5.307668,5.671175,5.283693,4.909704,5.279239,5.152640,5.122621,5.537324,5.017795,5.330786,5.155612,5.181121,5.144898,5.018955,5.496656,,-0.096163,-1.253604,0.547783,3.705376,2.817819,1.086899,0.981154,2.710254,-1.583741,0.941410,-1.874047,1.148588,5.098595,1.118805,-1.089969,0.235378,1.873209,-1.220191,1.852199,1.012605,,0.624907
58,201.958395,484.799380,1.137658,,4.790896,5.713558,5.135914,5.185059,5.428579,5.308311,5.725479,5.291340,4.822125,5.199739,5.159749,5.155850,5.519119,4.991518,5.221533,5.124604,5.071976,5.142269,5.127432,5.424808,,-1.721489,-0.190116,3.142406,2.218541,2.002745,4.080285,-0.584491,-0.901446,1.598159,0.040881,-0.431319,2.000479,0.421736,1.268733,1.205341,0.199566,-0.040922,2.842298,-0.956081,-2.060418,,0.619774
59,203.716082,484.799380,1.136987,,4.741264,5.759320,5.171095,5.250993,5.391347,5.211033,5.569381,5.383340,4.850605,5.090818,5.103385,5.159254,5.458524,4.932161,5.220129,5.100748,4.966445,5.026513,5.065614,5.383919,,0.203725,1.468149,1.772195,-0.922395,0.112963,0.900026,2.516618,-0.027929,2.446028,-1.658058,-0.452437,-2.804673,-1.869774,0.070048,0.640625,-0.116366,0.329124,-0.953792,-1.162833,-0.098528,,0.615758
60,203.716082,472.358739,1.136725,,4.733233,5.722494,5.250565,5.258649,5.328315,5.156472,5.487105,5.326960,4.890984,5.023140,5.027172,5.080860,5.460222,4.968566,5.145937,5.145028,4.989403,4.926828,5.064541,5.367627,,0.203725,1.468149,1.772195,-0.922395,0.112963,0.900026,2.516618,-0.027929,2.446028,-1.658058,-0.452437,-2.804673,-1.869774,0.070048,0.640625,-0.116366,0.329124,-0.953792,-1.162833,-0.098528,,0.632930
61,203.716082,472.358739,1.137817,,4.727668,5.688559,5.322166,5.122372,5.275253,5.196655,5.502140,5.256617,4.945740,5.031378,4.968353,5.078201,5.399896,4.907931,5.233040,5.119182,5.022100,4.895055,5.088209,5.384030,,0.203725,1.468149,1.772195,-0.922395,0.112963,0.900026,2.516618,-0.027929,2.446028,-1.658058,-0.452437,-2.804673,-1.869774,0.070048,0.640625,-0.116366,0.329124,-0.953792,-1.162833,-0.098528,,0.642506
62,203.716082,472.358739,1.140805,,4.712992,5.539651,5.385625,5.175762,5.190423,5.272447,5.492532,5.250813,4.948996,5.020716,4.974701,5.109978,5.317545,4.929675,5.240552,5.112449,4.967855,4.845579,5.097346,5.320678,,0.203725,1.468149,1.772195,-0.922395,0.112963,0.900026,2.516618,-0.027929,2.446028,-1.658058,-0.452437,-2.804673,-1.869774,0.070048,0.640625,-0.116366,0.329124,-0.953792,-1.162833,-0.098528,,0.633822
63,203.716082,472.358739,1.140894,,4.678619,5.523197,5.367293,5.259016,5.241277,5.257431,5.410216,5.266627,4.943382,5.059141,4.931324,5.227352,5.268003,5.035632,5.194340,5.151438,5.004142,4.868993,5.073251,5.350700,,0.203725,1.468149,1.772195,-0.922395,0.112963,0.900026,2.516618,-0.027929,2.446028,-1.658058,-0.452437,-2.804673,-1.869774,0.070048,0.640625,-0.116366,0.329124,-0.953792,-1.162833,-0.098528,,0.643545
64,203.716082,472.358739,1.144366,,4.494716,5.470393,5.336256,5.314252,5.212644,5.243172,5.331331,5.197940,4.883982,5.053774,4.920701,5.244690,5.210972,5.160439,5.263375,5.120185,4.930727,4.734043,5.018689,5.296783,,0.203725,1.468149,1.772195,-0.922395,0.112963,0.900026,2.516618,-0.027929,2.446028,-1.658058,-0.452437,-2.804673,-1.869774,0.070048,0.640625,-0.116366,0.329124,-0.953792,-1.162833,-0.098528,,0.654499
65,204.341045,472.358739,1.147062,,4.508577,5.430086,5.442927,5.262570,5.148731,5.194951,5.372049,5.168697,4.887228,4.995155,4.909337,5.221384,5.203291,5.155804,5.311790,5.121583,4.984905,4.682779,5.026648,5.310508,,0.983881,0.987254,-3.009231,-2.013764,1.688419,-3.260663,1.035259,-3.153815,2.188404,1.893237,2.063681,-1.377297,-0.889466,3.503136,-2.127529,-0.621776,-0.138350,1.006884,2.927293,0.510146,,0.656019
66,190.495444,472.358739,1.148090,,4.502003,5.268347,5.396682,5.255667,5.102500,5.176876,5.358747,5.077469,4.850217,5.098865,4.952983,5.244669,5.161762,5.065631,5.332350,5.069553,4.988159,4.677699,5.020808,5.214821,,-1.839468,2.164015,-1.981851,0.639548,0.115829,-1.025927,-4.144535,1.025808,-1.246774,3.928496,-2.074169,1.008132,-0.164545,0.656519,2.973489,-0.212952,5.069144,0.171674,0.889395,-2.318745,,0.688658
67,195.006018,472.358739,1.151270,,4.533751,5.251286,5.330544,5.331908,5.110582,5.119065,5.422624,5.098857,4.940054,5.002303,4.903310,5.242199,5.102128,5.173719,5.370319,5.090460,5.018847,4.739969,4.956668,5.222201,,-0.547632,-2.486769,1.842473,-4.013639,0.241794,0.799422,0.865503,1.782458,-0.300699,1.064422,2.178015,-0.911651,-0.878882,2.044727,-0.064104,0.282841,-0.102391,-1.067555,-4.627292,-0.973288,,0.660320
68,195.006018,453.981932,1.155651,,4.465404,5.232473,5.429567,5.404032,5.043861,5.149401,5.377799,5.181001,4.866907,4.995143,4.901846,5.225276,5.053705,5.221252,5.351082,5.081174,4.932221,4.816975,4.924090,5.243234,,-0.547632,-2.486769,1.842473,-4.013639,0.241794,0.799422,0.865503,1.782458,-0.300699,1.064422,2.178015,-0.911651,-0.878882,2.044727,-0.064104,0.282841,-0.102391,-1.067555,-4.627292,-0.973288,,0.661022
69,181.467013,453.981932,1.156866,,4.484832,5.254738,5.461595,5.408692,5.062246,5.116295,5.410935,5.138656,4.972761,4.986960,4.844087,5.195889,5.084430,5.217334,5.357695,5.068508,4.964333,4.758995,4.873244,5.235508,,0.806899,2.155111,-1.917278,-2.997868,-0.060091,-0.747920,2.021296,-1.039373,0.925022,0.851795,1.065787,-0.647079,-0.772733,-2.321227,0.786621,-3.957332,3.562355,-2.983063,0.759442,1.919552,,0.621412
70,181.467013,453.981932,1.158897,,4.478046,5.268652,5.479754,5.381637,5.069229,5.097479,5.394471,5.135404,4.937544,4.969750,4.857326,5.199509,5.180123,5.148114,5.296069,5.019214,4.892147,4.793610,4.851038,5.285739,,0.806899,2.155111,-1.917278,-2.997868,-0.060091,-0.747920,2.021296,-1.039373,0.925022,0.851795,1.065787,-0.647079,-0.772733,-2.321227,0.786621,-3.957332,3.562355,-2.983063,0.759442,1.919552,,0.633050
71,181.467013,453.981932,1.157377,,4.471825,5.309301,5.536162,5.299986,5.084187,5.079304,5.529599,5.099053,4.879990,4.983509,4.791531,5.061292,5.191779,5.095198,5.338842,5.074308,4.977884,4.708704,4.778445,5.229666,,0.806899,2.155111,-1.917278,-2.997868,-0.060091,-0.747920,2.021296,-1.039373,0.925022,0.851795,1.065787,-0.647079,-0.772733,-2.321227,0.786621,-3.957332,3.562355,-2.983063,0.759442,1.919552,,0.667011
72,181.467013,453.981932,1.158457,,4.463335,5.261069,5.440164,5.317238,5.118620,5.115369,5.443013,5.169405,4.895246,4.991502,4.719895,5.105627,5.237174,5.149683,5.250751,5.068730,4.838728,4.822963,4.782859,5.189442,,0.806899,2.155111,-1.917278,-2.997868,-0.060091,-0.747920,2.021296,-1.039373,0.925022,0.851795,1.065787,-0.647079,-0.772733,-2.321227,0.786621,-3.957332,3.562355,-2.983063,0.759442,1.919552,,0.665473
73,205.077880,453.981932,1.159662,,4.432495,5.329480,5.344761,5.220280,4.998984,5.191434,5.312296,5.086380,4.898369,4.923883,4.739286,5.002542,5.100585,4.976411,5.243374,5.042867,4.902785,4.804399,4.734759,5.212798,,-1.749365,-0.119875,0.999757,-1.080033,2.737170,-3.315964,-0.918736,0.830371,1.927244,1.378998,-0.148665,1.599487,2.183514,1.893748,1.161783,1.825675,-1.572224,2.306246,0.881888,0.744159,,0.679623
74,205.077880,453.981932,1.158610,,4.416336,5.273179,5.219445,5.230297,4.998576,5.170787,5.267170,5.037655,4.934418,4.910351,4.760578,5.021011,5.120293,4.995455,5.282134,5.125508,4.966036,4.816755,4.747991,5.140899,,-1.749365,-0.119875,0.999757,-1.080033,2.737170,-3.315964,-0.918736,0.830371,1.927244,1.378998,-0.148665,1.599487,2.183514,1.893748,1.161783,1.825675,-1.572224,2.306246,0.881888,0.744159,,0.681682
75,205.077880,453.981932,1.160952,,4.345459,5.288743,5.189590,5.261057,5.064228,5.135648,5.256174,4.981217,4.977893,4.932031,4.774551,4.977035,5.020851,4.963296,5.331872,5.136752,4.998168,4.794170,4.694721,5.120816,,-1.749365,-0.119875,0.999757,-1.080033,2.737170,-3.315964,-0.918736,0.830371,1.927244,1.378998,-0.148665,1.599487,2.183514,1.893748,1.161783,1.825675,-1.572224,2.306246,0.881888,0.744159,,0.675421
76,205.077880,453.981932,1.162932,,4.361100,5.205319,5.235493,5.267611,5.070665,5.078945,5.300459,4.887844,5.005906,4.936627,4.855138,4.922502,4.942969,4.993934,5.386494,5.022921,5.002013,4.771061,4.699155,5.080370,,-1.749365,-0.119875,0.999757,-1.080033,2.737170,-3.315964,-0.918736,0.830371,1.927244,1.378998,-0.148665,1.599487,2.183514,1.893748,1.161783,1.825675,-1.572224,2.306246,0.881888,0.744159,,0.690553
77,205.077880,453.981932,1.163913,,4.425349,5.125890,5.177138,5.178230,5.194137,5.065126,5.404382,4.886121,4.938432,5.022636,4.832477,4.940384,4.979784,4.966830,5.522406,5.004431,5.067020,4.800472,4.627114,5.101744,,-1.749365,-0.119875,0.999757,-1.080033,2.737170,-3.315964,-0.918736,0.830371,1.927244,1.378998,-0.148665,1.599487,2.183514,1.893748,1.161783,1.825675,-1.572224,2.306246,0.881888,0.744159,,0.664044
78,205.077880,453.981932,1.164459,,4.464456,5.141350,5.335422,5.106070,5.238950,5.170024,5.371937,4.946243,4.958971,4.938308,4.934615,4.887398,4.932591,4.886941,5.467229,4.947767,5.047743,4.862050,4.610125,5.126230,,-1.749365,-0.119875,0.999757,-1.080033,2.737170,-3.315964,-0.918736,0.830371,1.927244,1.378998,-0.148665,1.599487,2.183514,1.893748,1.161783,1.825675,-1.572224,2.306246,0.881888,0.744159,,0.651393
79,205.077880,453.981932,1.165149,,4.476268,5.114891,5.352549,5.098383,5.212200,5.225354,5.353391,5.035946,4.986387,4.963281,4.949839,4.826192,4.928305,4.885250,5.494399,4.978746,5.005378,4.892817,4.705168,5.080984,,-1.749365,-0.119875,0.999757,-1.080033,2.737170,-3.315964,-0.918736,0.830371,1.927244,1.378998,-0.148665,1.599487,2.183514,1.893748,1.161783,1.825675,-1.572224,2.306246,0.881888,0.744159,,0.630851
80,205.077880,453.981932,1.167796,,4.484020,5.016429,5.376562,5.050339,5.144397,5.237306,5.217919,5.013594,4.983492,4.973318,5.100104,4.747916,4.922010,4.891532,5.425665,4.970639,5.041995,4.850219,4.695241,5.023832,,-1.749365,-0.119875,0.999757,-1.080033,2.737170,-3.315964,-0.918736,0.830371,1.927244,1.378998,-0.148665,1.599487,2.183514,1.893748,1.161783,1.825675,-1.572224,2.306246,0.881888,0.744159,,0.601150
81,205.077880,453.981932,1.172092,,4.474580,5.045645,5.262310,5.038084,5.070326,5.290084,5.192590,4.938322,5.056172,4.854021,5.063567,4.712554,4.992684,4.917517,5.420193,4.865508,5.084110,4.952632,4.694350,5.068339,,-1.749365,-0.119875,0.999757,-1.080033,2.737170,-3.315964,-0.918736,0.830371,1.927244,1.378998,-0.148665,1.599487,2.183514,1.893748,1.161783,1.825675,-1.572224,2.306246,0.881888,0.744159,,0.617403
82,204.929863,453.981932,1.171961,,4.499382,5.042382,5.238598,5.032264,5.007914,5.261710,5.149715,4.853521,5.119388,4.854850,5.042190,4.720240,4.945160,4.850303,5.387809,4.863778,5.124366,4.955852,4.737561,5.052402,,-1.501906,0.754752,-0.991463,1.550977,-1.886368,-0.455349,-0.065087,0.736942,-1.730297,-3.330038,1.963664,-2.045156,-2.094326,-2.890700,-0.931343,0.490483,-1.921054,-1.061644,-2.968293,-0.218040,,0.631303
83,204.929863,453.981932,1.170483,,4.507739,5.027132,5.308518,4.944539,4.935318,5.347205,5.068767,4.859506,5.179254,4.819931,4.992329,4.608598,4.934686,4.873788,5.403517,4.810275,5.176766,4.960492,4.730888,4.975413,,-1.501906,0.754752,-0.991463,1.550977,-1.886368,-0.455349,-0.065087,0.736942,-1.730297,-3.330038,1.963664,-2.045156,-2.094326,-2.890700,-0.931343,0.490483,-1.921054,-1.061644,-2.968293,-0.218040,,0.611326
84,204.929863,453.981932,1.182503,,4.559443,5.026930,5.408354,4.951346,5.026976,5.341871,4.987121,4.936869,5.236784,4.846437,4.884753,4.532540,4.929544,4.915210,5.547378,4.850464,5.158594,4.939776,4.840079,4.848915,,-1.501906,0.754752,-0.991463,1.550977,-1.886368,-0.455349,-0.065087,0.736942,-1.730297,-3.330038,1.963664,-2.045156,-2.094326,-2.890700,-0.931343,0.490483,-1.921054,-1.061644,-2.968293,-0.218040,,0.631521
85,209.018315,453.981932,1.184437,,4.514768,5.008012,5.427251,4.871581,5.131927,5.426060,5.105001,4.801366,5.187063,4.926026,4.845528,4.485071,4.849954,4.905380,5.600396,4.790678,5.105560,4.940372,4.878648,4.870750,,-0.593777,1.940251,-1.987622,-0.512435,0.831426,-0.125911,3.223363,-3.030358,-0.047981,-0.240175,2.006956,-1.819747,-3.678552,-1.843577,-0.113327,0.537417,1.308227,-1.567279,-2.018085,-0.115095,,0.637457
86,206.647171,453.981932,1.187453,,4.378062,4.901438,5.339861,4.814801,5.065887,5.279546,5.204521,4.698805,5.077896,4.860058,4.888520,4.579113,4.853640,4.912792,5.607898,4.702316,5.027660,4.767656,4.700294,4.951477,,-0.664528,0.294045,-1.868600,1.865814,-0.862361,-3.148408,-0.517762,-0.732872,1.868513,-1.240261,-3.941669,2.247614,0.155440,-2.308060,-1.541281,0.962725,0.152008,1.152204,1.830609,-0.974582,,0.655325
87,206.647171,453.981932,1.195296,,4.345930,4.869499,5.232694,4.901705,5.080624,5.106296,5.151247,4.693276,5.042245,4.848002,4.835575,4.445685,4.804385,4.917920,5.494116,4.717240,5.010570,4.685915,4.737112,5.019498,,-0.664528,0.294045,-1.868600,1.865814,-0.862361,-3.148408,-0.517762,-0.732872,1.868513,-1.240261,-3.941669,2.247614,0.155440,-2.308060,-1.541281,0.962725,0.152008,1.152204,1.830609,-0.974582,,0.660093
88,206.647171,449.996313,1.201111,,4.243245,4.820751,5.275053,4.797990,4.881998,5.201838,5.243869,4.714557,4.933290,4.816198,4.741921,4.440826,4.851713,4.812666,5.513958,4.689720,5.033592,4.728013,4.817323,5.055112,,-0.664528,0.294045,-1.868600,1.865814,-0.862361,-3.148408,-0.517762,-0.732872,1.868513,-1.240261,-3.941669,2.247614,0.155440,-2.308060,-1.541281,0.962725,0.152008,1.152204,1.830609,-0.974582,,0.619133
89,206.647171,449.996313,1.200137,,4.211310,4.854877,5.208662,4.820485,4.872684,5.163303,5.194486,4.666486,4.983115,4.827146,4.730027,4.419648,4.804572,4.724266,5.466733,4.637211,5.057848,4.858911,4.847864,5.068680,,-0.664528,0.294045,-1.868600,1.865814,-0.862361,-3.148408,-0.517762,-0.732872,1.868513,-1.240261,-3.941669,2.247614,0.155440,-2.308060,-1.541281,0.962725,0.152008,1.152204,1.830609,-0.974582,,0.584325
90,206.647171,449.996313,1.217762,,4.229850,4.903403,5.275049,4.817787,4.782540,5.232361,5.111020,4.648874,4.916489,4.815833,4.569729,4.427505,4.775765,4.706552,5.518889,4.695627,5.144784,4.897445,4.766510,4.996698,,-0.664528,0.294045,-1.868600,1.865814,-0.862361,-3.148408,-0.517762,-0.732872,1.868513,-1.240261,-3.941669,2.247614,0.155440,-2.308060,-1.541281,0.962725,0.152008,1.152204,1.830609,-0.974582,,0.608428
91,206.647171,449.996313,1.221735,,4.282119,4.907351,5.353361,4.789986,4.727537,5.270409,5.121490,4.562681,4.986893,4.757619,4.627685,4.499847,4.873013,4.693075,5.389842,4.761185,5.063199,4.843794,4.883117,4.980405,,-0.664528,0.294045,-1.868600,1.865814,-0.862361,-3.148408,-0.517762,-0.732872,1.868513,-1.240261,-3.941669,2.247614,0.155440,-2.308060,-1.541281,0.962725,0.152008,1.152204,1.830609,-0.974582,,0.599539
92,206.647171,449.996313,1.225917,,4.316333,4.997174,5.369086,4.877434,4.753171,5.198150,5.009894,4.630357,5.028313,4.778512,4.647730,4.502959,4.858597,4.629603,5.378256,4.867807,5.053798,4.915183,4.900053,5.076370,,-0.664528,0.294045,-1.868600,1.865814,-0.862361,-3.148408,-0.517762,-0.732872,1.868513,-1.240261,-3.941669,2.247614,0.155440,-2.308060,-1.541281,0.962725,0.152008,1.152204,1.830609,-0.974582,,0.575990
93,206.647171,449.996313,1.230058,,4.266675,4.863403,5.347835,4.827928,4.565386,5.120287,5.015848,4.626213,5.108981,4.704011,4.662255,4.513691,4.827823,4.618165,5.420890,5.018072,5.062967,4.874340,4.840097,5.108389,,-0.664528,0.294045,-1.868600,1.865814,-0.862361,-3.148408,-0.517762,-0.732872,1.868513,-1.240261,-3.941669,2.247614,0.155440,-2.308060,-1.541281,0.962725,0.152008,1.152204,1.830609,-0.974582,,0.592530
94,206.647171,449.996313,1.230724,,4.323116,4.835152,5.321804,4.977534,4.572123,5.078563,5.110916,4.658899,5.192888,4.737672,4.615210,4.440484,4.692874,4.727219,5.408265,4.963109,5.069375,4.788109,4.867655,5.145438,,-0.664528,0.294045,-1.868600,1.865814,-0.862361,-3.148408,-0.517762,-0.732872,1.868513,-1.240261,-3.941669,2.247614,0.155440,-2.308060,-1.541281,0.962725,0.152008,1.152204,1.830609,-0.974582,,0.592304
95,206.647171,449.996313,1.232003,,4.408564,4.835835,5.311400,4.795970,4.616636,5.212534,5.110134,4.656232,5.218937,4.728836,4.637626,4.565222,4.658799,4.675145,5.448832,5.050503,5.148754,4.780320,4.886758,5.137401,,-0.664528,0.294045,-1.868600,1.865814,-0.862361,-3.148408,-0.517762,-0.732872,1.868513,-1.240261,-3.941669,2.247614,0.155440,-2.308060,-1.541281,0.962725,0.152008,1.152204,1.830609,-0.974582,,0.580843
96,206.647171,449.996313,1.237248,,4.342234,4.688298,5.321963,4.816864,4.536831,5.233822,5.101592,4.546879,5.255397,4.731717,4.658635,4.493565,4.726188,4.648955,5.373261,5.087280,5.169056,4.819151,4.935700,5.024169,,-0.664528,0.294045,-1.868600,1.865814,-0.862361,-3.148408,-0.517762,-0.732872,1.868513,-1.240261,-3.941669,2.247614,0.155440,-2.308060,-1.541281,0.962725,0.152008,1.152204,1.830609,-0.974582,,0.555511
97,206.647171,449.996313,1.240715,,4.402489,4.715133,5.307224,4.799328,4.503343,5.258864,5.037135,4.553962,5.274055,4.790849,4.703939,4.525316,4.810781,4.550533,5.271389,5.078463,5.108662,4.851730,4.944794,4.983085,,-0.664528,0.294045,-1.868600,1.865814,-0.862361,-3.148408,-0.517762,-0.732872,1.868513,-1.240261,-3.941669,2.247614,0.155440,-2.308060,-1.541281,0.962725,0.152008,1.152204,1.830609,-0.974582,,0.585607
98,206.647171,449.996313,1.245218,,4.377805,4.685537,5.225291,4.754945,4.487306,5.162716,5.010772,4.562165,5.203184,4.769004,4.741824,4.605112,4.740878,4.624283,5.284902,4.961471,5.099353,4.857461,5.117692,4.945107,,-0.664528,0.294045,-1.868600,1.865814,-0.862361,-3.148408,-0.517762,-0.732872,1.868513,-1.240261,-3.941669,2.247614,0.155440,-2.308060,-1.541281,0.962725,0.152008,1.152204,1.830609,-0.974582,,0.559340
99,194.786889,449.996313,1.244300,,4.421398,4.679065,5.261140,4.702447,4.436601,5.121214,4.994540,4.549939,5.310778,4.828819,4.674860,4.539605,4.673158,4.581547,5.348618,4.981233,5.119837,4.878773,5.053832,4.910292,,-2.052173,2.487103,-1.144369,1.290135,-2.045285,-1.551579,0.034869,-0.305218,1.680852,-1.124479,-4.075000,0.984913,-1.906703,-1.344957,-1.802242,0.893670,-1.419847,1.087045,2.006254,-0.949017,,0.581721
100,194.786889,449.996313,1.243659,,4.489817,4.615337,5.416128,4.786659,4.387025,5.108090,4.961594,4.540741,5.396486,4.846672,4.677996,4.567891,4.647298,4.569997,5.293530,4.911191,5.106633,4.919748,4.953900,4.961514,,-2.052173,2.487103,-1.144369,1.290135,-2.045285,-1.551579,0.034869,-0.305218,1.680852,-1.124479,-4.075000,0.984913,-1.906703,-1.344957,-1.802242,0.893670,-1.419847,1.087045,2.006254,-0.949017,,0.580480
101,219.599587,449.996313,1.249478,,4.623600,4.674610,5.306426,4.770987,4.377870,5.204295,4.924287,4.625375,5.414591,4.844488,4.484022,4.492208,4.595921,4.698207,5.355570,4.880953,5.080196,4.846708,4.961633,4.974137,,1.142822,0.892394,4.085925,-4.145161,-2.243251,-0.933613,2.929102,2.486390,-1.977593,1.147368,-0.865147,-0.683847,-1.332887,-0.508134,-4.105891,-2.106885,0.964796,-0.019610,-0.071029,3.680704,,0.555074
102,219.599587,449.996313,1.250711,,4.508230,4.694111,5.338699,4.680308,4.291296,5.165365,4.818834,4.738052,5.327087,4.852384,4.531472,4.566780,4.635834,4.663609,5.380926,4.907800,5.084926,4.852345,4.943487,4.918906,,1.142822,0.892394,4.085925,-4.145161,-2.243251,-0.933613,2.929102,2.486390,-1.977593,1.147368,-0.865147,-0.683847,-1.332887,-0.508134,-4.105891,-2.106885,0.964796,-0.019610,-0.071029,3.680704,,0.556387
103,219.599587,449.996313,1.263170,,4.448915,4.555838,5.303806,4.589241,4.252096,5.208382,4.776875,4.723769,5.311531,4.896573,4.563643,4.485726,4.558878,4.682288,5.324009,4.714613,5.044728,4.878555,4.859863,4.678703,,1.142822,0.892394,4.085925,-4.145161,-2.243251,-0.933613,2.929102,2.486390,-1.977593,1.147368,-0.865147,-0.683847,-1.332887,-0.508134,-4.105891,-2.106885,0.964796,-0.019610,-0.071029,3.680704,,0.562658
104,202.154073,449.996313,1.262489,,4.509052,4.603850,5.306602,4.654222,4.239403,5.171852,4.776296,4.744136,5.250271,4.849396,4.568741,4.510977,4.571153,4.769516,5.111494,4.739880,5.064270,4.937872,4.725675,4.749471,,2.954337,-2.218916,0.719490,0.114379,3.813366,-1.168765,-0.867644,1.104281,-0.020575,-0.024919,1.067450,0.155491,-0.950690,2.774255,0.450547,1.572732,-0.555642,2.931168,2.083619,-3.627183,,0.564025
105,202.154073,449.996313,1.261819,,4.436878,4.587117,5.340342,4.644130,4.277784,5.163500,4.833228,4.783992,5.267244,4.926022,4.542269,4.507077,4.570925,4.811693,5.076251,4.654716,5.037858,5.027450,4.703881,4.652238,,2.954337,-2.218916,0.719490,0.114379,3.813366,-1.168765,-0.867644,1.104281,-0.020575,-0.024919,1.067450,0.155491,-0.950690,2.774255,0.450547,1.572732,-0.555642,2.931168,2.083619,-3.627183,,0.576074
106,202.154073,449.996313,1.259773,,4.370749,4.623910,5.427235,4.614647,4.373642,5.275786,4.736332,4.786776,5.218875,4.864469,4.560607,4.547071,4.502380,4.724929,5.010312,4.734725,5.098732,5.007931,4.799496,4.800511,,2.954337,-2.218916,0.719490,0.114379,3.813366,-1.168765,-0.867644,1.104281,-0.020575,-0.024919,1.067450,0.155491,-0.950690,2.774255,0.450547,1.572732,-0.555642,2.931168,2.083619,-3.627183,,0.582217
107,198.624768,449.996313,1.261208,,4.266200,4.718677,5.467753,4.456885,4.200613,5.171541,4.745657,4.840166,5.187365,4.825954,4.532408,4.537638,4.539302,4.639252,4.990064,4.606606,5.080554,5.003701,4.854696,4.856783,,-2.067469,-0.918329,-1.206757,-0.997207,-0.870055,1.160789,0.778963,2.009253,0.162844,0.958389,1.446527,-0.372958,0.313021,-1.077973,-0.744883,0.643779,-1.333748,-5.084319,0.024877,2.516063,,0.533212
108,198.142738,449.996313,1.269960,,4.255230,4.704374,5.514548,4.544710,4.280799,5.194068,4.776250,4.881857,5.201572,4.859792,4.630086,4.430491,4.605678,4.630606,5.003238,4.570925,5.149287,4.820766,4.980212,4.747383,,0.876121,0.374257,-2.955171,-0.477239,-2.283732,2.050864,0.178185,0.391494,-1.932568,3.005899,-2.744262,-1.842384,0.333862,-1.190441,1.980405,0.995555,-1.089093,1.191534,-3.004627,-1.312584,,0.525083
109,198.142738,449.996313,1.272993,,4.243472,4.675122,5.342828,4.588138,4.241874,5.120556,4.771295,4.857622,5.148433,4.879999,4.657066,4.429499,4.615988,4.703601,5.193101,4.643893,5.154489,4.722783,5.066736,4.677797,,0.876121,0.374257,-2.955171,-0.477239,-2.283732,2.050864,0.178185,0.391494,-1.932568,3.005899,-2.744262,-1.842384,0.333862,-1.190441,1.980405,0.995555,-1.089093,1.191534,-3.004627,-1.312584,,0.517137
110,198.142738,449.996313,1.280877,,4.200017,4.796264,5.393384,4.483371,4.297647,5.098796,4.863494,4.912775,5.186450,4.923432,4.657561,4.512417,4.667115,4.697440,5.154525,4.688448,5.098735,4.652888,5.174874,4.717951,,0.876121,0.374257,-2.955171,-0.477239,-2.283732,2.050864,0.178185,0.391494,-1.932568,3.005899,-2.744262,-1.842384,0.333862,-1.190441,1.980405,0.995555,-1.089093,1.191534,-3.004627,-1.312584,,0.533922
111,198.142738,449.996313,1.280480,,4.362222,4.845190,5.390969,4.471606,4.295201,5.067010,4.856692,5.002733,5.219653,4.827564,4.735429,4.548608,4.700028,4.722807,5.039399,4.748322,5.059884,4.693820,5.115429,4.708682,,0.876121,0.374257,-2.955171,-0.477239,-2.283732,2.050864,0.178185,0.391494,-1.932568,3.005899,-2.744262,-1.842384,0.333862,-1.190441,1.980405,0.995555,-1.089093,1.191534,-3.004627,-1.312584,,0.534361
112,198.624768,449.996313,1.284598,,4.403884,4.901822,5.417189,4.561311,4.150546,5.015424,4.908796,4.984403,5.234044,4.873749,4.789512,4.502477,4.678240,4.808867,5.019280,4.680088,5.098296,4.763129,5.082439,4.789603,,-2.067469,-0.918329,-1.206757,-0.997207,-0.870055,1.160789,0.778963,2.009253,0.162844,0.958389,1.446527,-0.372958,0.313021,-1.077973,-0.744883,0.643779,-1.333748,-5.084319,0.024877,2.516063,,0.535742
113,209.877491,449.996313,1.292316,,4.412080,5.048816,5.441872,4.524962,4.172523,5.030780,4.967020,4.982925,5.251284,4.945459,4.784895,4.603611,4.706936,4.924872,4.982608,4.668543,5.002472,4.785964,5.087526,4.845625,,2.137325,2.002331,0.851049,-0.636755,1.776649,1.819408,0.908063,-0.756983,0.067644,1.843303,0.681603,2.195099,0.174107,0.533809,-1.912963,1.073270,2.530649,0.132892,-3.513386,-2.224321,,0.558247
114,220.352527,449.996313,1.293152,,4.551838,5.081145,5.441110,4.644500,4.115268,5.040234,4.977693,5.074910,5.391495,4.914522,4.685960,4.504275,4.719555,4.870101,5.019543,4.676431,4.957942,4.738453,5.073667,4.770009,,-0.869271,3.949145,-0.709909,3.192338,-3.285237,-1.192040,-3.056149,1.212910,2.833703,1.024471,2.234182,-0.302319,1.032034,3.123816,0.531212,-0.692171,-1.553777,1.017421,0.038795,-0.220560,,0.554467
115,220.352527,449.996313,1.292720,,4.521258,5.155163,5.371474,4.675338,4.168716,4.980122,5.057386,5.078858,5.386342,4.888696,4.804965,4.576632,4.670776,4.903620,5.061309,4.802779,4.954224,4.777722,5.156248,4.789873,,-0.869271,3.949145,-0.709909,3.192338,-3.285237,-1.192040,-3.056149,1.212910,2.833703,1.024471,2.234182,-0.302319,1.032034,3.123816,0.531212,-0.692171,-1.553777,1.017421,0.038795,-0.220560,,0.579762
116,220.352527,449.996313,1.300152,,4.476121,5.183509,5.284455,4.699638,4.173969,4.953236,5.167188,5.130249,5.283471,5.006870,4.672733,4.555888,4.681536,5.114680,5.002581,4.776770,4.875541,4.772868,5.173250,4.778564,,-0.869271,3.949145,-0.709909,3.192338,-3.285237,-1.192040,-3.056149,1.212910,2.833703,1.024471,2.234182,-0.302319,1.032034,3.123816,0.531212,-0.692171,-1.553777,1.017421,0.038795,-0.220560,,0.556225
117,217.196133,449.996313,1.302648,,4.446283,5.216247,5.308372,4.711840,4.207457,4.938661,5.247856,5.146252,5.218571,5.095334,4.663245,4.660932,4.737568,5.049051,5.096777,4.766713,4.858844,4.735334,5.193864,4.797605,,-3.862161,-2.234256,-1.617821,-1.087066,-3.198685,0.866820,-1.665841,4.077518,-0.041848,1.954558,2.076650,1.871064,-2.655883,-1.018357,0.886294,0.856263,1.960378,1.649819,4.886342,-2.135672,,0.563201
118,193.694785,449.996313,1.301870,,4.442892,5.214252,5.397123,4.761909,4.177899,4.906364,5.207526,5.105332,5.152254,5.019573,4.591803,4.642321,4.710658,5.096321,5.125090,4.813187,4.756818,4.782307,5.213405,4.769363,,-0.228584,0.920015,0.084445,1.931797,1.129770,1.812591,-0.270116,-0.260354,-1.885828,0.900803,0.581598,-0.675843,-3.725673,0.842824,-5.043112,0.777788,0.324014,0.053614,-0.871372,-1.283658,,0.575033
119,193.694785,449.996313,1.304311,,4.511805,5.252013,5.287896,4.808754,4.201503,4.863388,5.152289,5.111418,5.148752,5.021212,4.684233,4.670448,4.730339,5.177614,5.097105,4.876709,4.724717,4.737227,5.210319,4.693757,,-0.228584,0.920015,0.084445,1.931797,1.129770,1.812591,-0.270116,-0.260354,-1.885828,0.900803,0.581598,-0.675843,-3.725673,0.842824,-5.043112,0.777788,0.324014,0.053614,-0.871372,-1.283658,,0.571421
120,193.694785,449.996313,1.305482,,4.540191,5.289173,5.397583,4.776432,4.220064,4.952739,5.355997,5.138228,5.198335,5.155420,4.725232,4.667131,4.613977,5.248583,5.001084,4.792462,4.716918,4.718594,5.266491,4.726480,,-0.228584,0.920015,0.084445,1.931797,1.129770,1.812591,-0.270116,-0.260354,-1.885828,0.900803,0.581598,-0.675843,-3.725673,0.842824,-5.043112,0.777788,0.324014,0.053614,-0.871372,-1.283658,,0.577216
121,214.642449,449.996313,1.307731,,4.549271,5.234792,5.337390,4.943755,4.230380,4.936249,5.307174,5.201086,5.259472,5.055406,4.744871,4.746547,4.664563,5.192896,5.008130,4.812592,4.628161,4.656457,5.264974,4.785736,,0.085756,-0.769377,1.186628,1.239583,-0.932571,1.495324,-0.862701,-0.270016,3.036507,-2.183533,2.327294,-0.889206,3.791761,-2.926690,-1.437424,2.747408,1.925233,0.722554,-0.830318,0.775185,,0.547090
122,214.642449,449.996313,1.308778,,4.568349,5.264224,5.401498,5.026459,4.275609,4.927732,5.316850,5.277592,5.218947,5.083866,4.911962,4.784308,4.741998,5.059316,5.031631,4.668082,4.586142,4.590644,5.350999,4.803500,,0.085756,-0.769377,1.186628,1.239583,-0.932571,1.495324,-0.862701,-0.270016,3.036507,-2.183533,2.327294,-0.889206,3.791761,-2.926690,-1.437424,2.747408,1.925233,0.722554,-0.830318,0.775185,,0.556649
123,215.266516,449.996313,1.313952,,4.601351,5.311777,5.470418,5.014196,4.232701,4.957896,5.334286,5.332384,5.113936,5.020591,4.837162,4.796986,4.666195,5.153196,5.151441,4.738904,4.671308,4.573858,5.308608,4.810881,,0.744925,2.824000,1.897880,2.304647,-0.117268,-0.112779,-0.062036,0.989175,-3.868055,0.915925,-0.534201,-3.020693,1.362316,4.004646,-2.111360,-0.113156,-1.297548,-1.638082,-0.713083,-1.395978,,0.498029
124,215.266516,449.996313,1.320798,,4.509959,5.422653,5.595987,5.070399,4.339821,5.075228,5.300802,5.344556,5.019355,4.966940,4.787831,4.851579,4.654135,5.145817,5.168376,4.678590,4.720794,4.578294,5.376701,4.766629,,0.744925,2.824000,1.897880,2.304647,-0.117268,-0.112779,-0.062036,0.989175,-3.868055,0.915925,-0.534201,-3.020693,1.362316,4.004646,-2.111360,-0.113156,-1.297548,-1.638082,-0.713083,-1.395978,,0.499331
125,215.266516,449.996313,1.327885,,4.630146,5.410536,5.540921,4.976809,4.402236,5.123015,5.255560,5.309239,5.053639,5.033343,4.692424,4.904617,4.745375,5.011666,5.140019,4.695170,4.686042,4.571186,5.401525,4.834989,,0.744925,2.824000,1.897880,2.304647,-0.117268,-0.112779,-0.062036,0.989175,-3.868055,0.915925,-0.534201,-3.020693,1.362316,4.004646,-2.111360,-0.113156,-1.297548,-1.638082,-0.713083,-1.395978,,0.481806
126,215.266516,449.996313,1.327829,,4.705197,5.338641,5.463847,4.940322,4.408595,5.252841,5.244193,5.172606,5.047831,5.026358,4.737429,4.773256,4.762514,5.085380,5.185084,4.816060,4.558548,4.453106,5.376120,4.797795,,0.744925,2.824000,1.897880,2.304647,-0.117268,-0.112779,-0.062036,0.989175,-3.868055,0.915925,-0.534201,-3.020693,1.362316,4.004646,-2.111360,-0.113156,-1.297548,-1.638082,-0.713083,-1.395978,,0.463410
127,215.266516,449.996313,1.330651,,4.459215,5.369835,5.581383,4.913055,4.389483,5.135131,5.164789,5.249015,4.966989,5.156008,4.847180,4.825494,4.842272,5.121568,5.174605,4.875438,4.677984,4.532974,5.373962,4.725167,,0.744925,2.824000,1.897880,2.304647,-0.117268,-0.112779,-0.062036,0.989175,-3.868055,0.915925,-0.534201,-3.020693,1.362316,4.004646,-2.111360,-0.113156,-1.297548,-1.638082,-0.713083,-1.395978,,0.414125
128,215.266516,449.996313,1.335598,,4.419010,5.358595,5.580204,4.877811,4.406750,5.091366,5.204838,5.303030,4.984691,5.174379,4.880489,4.778977,4.640485,5.202757,5.160545,4.824765,4.662854,4.561692,5.312932,4.672115,,0.744925,2.824000,1.897880,2.304647,-0.117268,-0.112779,-0.062036,0.989175,-3.868055,0.915925,-0.534201,-3.020693,1.362316,4.004646,-2.111360,-0.113156,-1.297548,-1.638082,-0.713083,-1.395978,,0.391701
129,215.266516,449.996313,1.336935,,4.426527,5.377892,5.660507,4.975423,4.327366,5.158132,5.130984,5.288376,5.148961,5.219142,4.836763,4.812226,4.655301,5.338787,5.178149,4.785014,4.671527,4.485213,5.336044,4.737443,,0.744925,2.824000,1.897880,2.304647,-0.117268,-0.112779,-0.062036,0.989175,-3.868055,0.915925,-0.534201,-3.020693,1.362316,4.004646,-2.111360,-0.113156,-1.297548,-1.638082,-0.713083,-1.395978,,0.382264
130,215.266516,449.996313,1.339249,,4.417477,5.391252,5.739737,4.919380,4.372558,5.369448,5.270404,5.203087,5.189823,5.334610,4.851109,4.846737,4.586164,5.364459,5.166399,4.741475,4.654288,4.521943,5.440989,4.680243,,0.744925,2.824000,1.897880,2.304647,-0.117268,-0.112779,-0.062036,0.989175,-3.868055,0.915925,-0.534201,-3.020693,1.362316,4.004646,-2.111360,-0.113156,-1.297548,-1.638082,-0.713083,-1.395978,,0.384776
131,215.266516,402.961863,1.341981,,4.475883,5.375903,5.742929,4.964883,4.404638,5.322864,5.268860,5.136839,5.134238,5.240143,4.869729,4.854589,4.579738,5.333109,5.110881,4.800955,4.553128,4.612599,5.453310,4.703856,,0.744925,2.824000,1.897880,2.304647,-0.117268,-0.112779,-0.062036,0.989175,-3.868055,0.915925,-0.534201,-3.020693,1.362316,4.004646,-2.111360,-0.113156,-1.297548,-1.638082,-0.713083,-1.395978,,0.409288
132,215.266516,402.961863,1.347121,,4.603748,5.355800,5.588398,4.863161,4.426715,5.410300,5.298244,5.268833,5.096544,5.282131,4.903304,4.947199,4.664379,5.424775,5.042187,4.850863,4.708964,4.644140,5.288785,4.780211,,0.744925,2.824000,1.897880,2.304647,-0.117268,-0.112779,-0.062036,0.989175,-3.868055,0.915925,-0.534201,-3.020693,1.362316,4.004646,-2.111360,-0.113156,-1.297548,-1.638082,-0.713083,-1.395978,,0.408787
133,215.266516,402.961863,1.350618,,4.686758,5.424774,5.681396,4.913816,4.483458,5.344639,5.243423,5.318826,5.153907,5.262051,4.889639,4.946512,4.643010,5.476823,5.100851,4.914465,4.715610,4.728274,5.196660,4.809174,,0.744925,2.824000,1.897880,2.304647,-0.117268,-0.112779,-0.062036,0.989175,-3.868055,0.915925,-0.534201,-3.020693,1.362316,4.004646,-2.111360,-0.113156,-1.297548,-1.638082,-0.713083,-1.395978,,0.406269
134,201.374810,402.961863,1.356825,,4.688980,5.460330,5.744004,4.927723,4.507533,5.387411,5.227547,5.331116,5.137990,5.286149,4.964219,4.743903,4.682274,5.607707,5.119930,4.859792,4.754972,4.790991,5.196206,4.884515,,0.354347,0.017555,-4.545549,0.781556,1.733818,2.082934,1.187155,-1.120238,0.156289,-2.352636,-2.949026,-3.181541,-0.053316,0.273937,2.902399,0.717863,1.240021,-0.183928,0.038328,-0.931929,,0.385408
135,201.374810,402.961863,1.362016,,4.752359,5.610226,5.830184,4.988814,4.478311,5.386876,5.175753,5.291489,5.277041,5.315115,4.917000,4.720118,4.713225,5.654587,5.087207,4.917024,4.702546,4.879497,5.247596,4.846499,,0.354347,0.017555,-4.545549,0.781556,1.733818,2.082934,1.187155,-1.120238,0.156289,-2.352636,-2.949026,-3.181541,-0.053316,0.273937,2.902399,0.717863,1.240021,-0.183928,0.038328,-0.931929,,0.409034
136,201.374810,402.961863,1.368221,,4.886636,5.571905,5.943739,4.991189,4.558389,5.374841,5.274402,5.364234,5.292437,5.370750,4.930145,4.786852,4.812459,5.673008,5.129421,4.902157,4.859403,4.873278,5.248131,4.887597,,0.354347,0.017555,-4.545549,0.781556,1.733818,2.082934,1.187155,-1.120238,0.156289,-2.352636,-2.949026,-3.181541,-0.053316,0.273937,2.902399,0.717863,1.240021,-0.183928,0.038328,-0.931929,,0.425050
137,198.678725,402.961863,1.368323,,4.854970,5.510558,5.711393,5.028028,4.603185,5.397962,5.281181,5.376677,5.169026,5.486183,4.923701,4.894647,4.973723,5.742775,5.241800,4.896112,4.886483,4.892707,5.321591,4.761008,,1.028008,3.200768,-3.495720,-3.043114,-1.950036,1.908587,-0.909155,-0.092489,1.058746,2.022163,-1.869532,-0.961417,-1.652688,-4.015275,0.659190,-2.276313,0.580297,-0.170792,-1.720390,0.857660,,0.430042
138,198.678725,402.961863,1.381130,,4.944583,5.453427,5.760937,4.981000,4.590687,5.474833,5.260151,5.447713,5.252433,5.341209,5.011619,4.941435,4.823372,5.762665,5.285792,4.875142,4.920994,4.829475,5.334021,4.785498,,1.028008,3.200768,-3.495720,-3.043114,-1.950036,1.908587,-0.909155,-0.092489,1.058746,2.022163,-1.869532,-0.961417,-1.652688,-4.015275,0.659190,-2.276313,0.580297,-0.170792,-1.720390,0.857660,,0.407988
139,198.678725,402.961863,1.389161,,4.907594,5.503463,5.790432,4.967289,4.750524,5.364740,5.266823,5.426049,5.184068,5.334371,4.992370,4.911377,4.865264,5.801093,5.235375,4.891755,4.852502,4.815315,5.384573,4.864131,,1.028008,3.200768,-3.495720,-3.043114,-1.950036,1.908587,-0.909155,-0.092489,1.058746,2.022163,-1.869532,-0.961417,-1.652688,-4.015275,0.659190,-2.276313,0.580297,-0.170792,-1.720390,0.857660,,0.466917
140,198.678725,402.961863,1.395044,,4.936464,5.443056,5.855192,5.014761,4.833199,5.311557,5.321942,5.289855,5.239237,5.383551,4.898025,4.847997,4.929187,5.866770,5.382759,4.867161,4.971585,4.856876,5.437585,4.821067,,1.028008,3.200768,-3.495720,-3.043114,-1.950036,1.908587,-0.909155,-0.092489,1.058746,2.022163,-1.869532,-0.961417,-1.652688,-4.015275,0.659190,-2.276313,0.580297,-0.170792,-1.720390,0.857660,,0.427507
141,198.678725,402.961863,1.396169,,4.967048,5.470371,5.877066,5.154242,4.885430,5.287023,5.385751,5.338832,5.316562,5.432968,4.923958,4.933213,4.900673,5.861638,5.394019,4.769431,5.012001,4.915431,5.387032,4.814661,,1.028008,3.200768,-3.495720,-3.043114,-1.950036,1.908587,-0.909155,-0.092489,1.058746,2.022163,-1.869532,-0.961417,-1.652688,-4.015275,0.659190,-2.276313,0.580297,-0.170792,-1.720390,0.857660,,0.447113
142,198.678725,402.961863,1.396710,,4.988806,5.426148,5.753308,5.169385,4.798621,5.406983,5.427059,5.405934,5.353447,5.460170,5.043711,4.937712,4.815696,5.777779,5.302885,4.708721,5.093015,4.836898,5.362713,4.786192,,1.028008,3.200768,-3.495720,-3.043114,-1.950036,1.908587,-0.909155,-0.092489,1.058746,2.022163,-1.869532,-0.961417,-1.652688,-4.015275,0.659190,-2.276313,0.580297,-0.170792,-1.720390,0.857660,,0.418099
143,198.678725,402.961863,1.398997,,5.179116,5.469475,5.706649,5.179963,4.816587,5.379770,5.398346,5.428483,5.297473,5.349617,5.038456,4.938278,4.901898,5.833023,5.268332,4.723220,5.214009,4.845914,5.389206,4.718317,,1.028008,3.200768,-3.495720,-3.043114,-1.950036,1.908587,-0.909155,-0.092489,1.058746,2.022163,-1.869532,-0.961417,-1.652688,-4.015275,0.659190,-2.276313,0.580297,-0.170792,-1.720390,0.857660,,0.386016
144,198.678725,402.961863,1.397545,,5.169501,5.413418,5.695771,5.356358,4.768332,5.460204,5.253133,5.461880,5.152882,5.298839,4.951562,4.854349,4.918826,5.802104,5.270163,4.669764,5.205598,4.911224,5.481182,4.637574,,1.028008,3.200768,-3.495720,-3.043114,-1.950036,1.908587,-0.909155,-0.092489,1.058746,2.022163,-1.869532,-0.961417,-1.652688,-4.015275,0.659190,-2.276313,0.580297,-0.170792,-1.720390,0.857660,,0.387960
145,198.678725,402.961863,1.401664,,5.095743,5.518139,5.802363,5.227120,4.875452,5.482925,5.130719,5.527481,5.172765,5.280562,4.964970,4.878559,4.918261,5.959663,5.237326,4.729641,5.178102,4.918517,5.454906,4.612088,,1.028008,3.200768,-3.495720,-3.043114,-1.950036,1.908587,-0.909155,-0.092489,1.058746,2.022163,-1.869532,-0.961417,-1.652688,-4.015275,0.659190,-2.276313,0.580297,-0.170792,-1.720390,0.857660,,0.425281
146,198.678725,402.961863,1.402683,,5.155958,5.584188,5.773174,5.086214,4.824742,5.408938,5.141526,5.538319,5.083330,5.284278,4.945703,4.946040,4.945514,6.014797,5.275302,4.738397,5.137542,4.857474,5.361826,4.700338,,1.028008,3.200768,-3.495720,-3.043114,-1.950036,1.908587,-0.909155,-0.092489,1.058746,2.022163,-1.869532,-0.961417,-1.652688,-4.015275,0.659190,-2.276313,0.580297,-0.170792,-1.720390,0.857660,,0.405754
147,198.678725,402.961863,1.413098,,5.179208,5.658691,5.723188,5.067208,4.801167,5.338683,5.173136,5.482039,5.065850,5.265882,4.908493,4.931484,5.072574,6.086217,5.195619,4.854860,5.023622,4.902564,5.398150,4.820958,,1.028008,3.200768,-3.495720,-3.043114,-1.950036,1.908587,-0.909155,-0.092489,1.058746,2.022163,-1.869532,-0.961417,-1.652688,-4.015275,0.659190,-2.276313,0.580297,-0.170792,-1.720390,0.857660,,0.369604
148,198.678725,402.961863,1.415970,,5.178379,5.745621,5.774760,5.148854,4.864946,5.465717,5.164072,5.472150,5.146979,5.355981,4.995497,4.878604,5.099289,6.017710,5.176125,4.662135,4.998355,4.800504,5.335302,4.971298,,1.028008,3.200768,-3.495720,-3.043114,-1.950036,1.908587,-0.909155,-0.092489,1.058746,2.022163,-1.869532,-0.961417,-1.652688,-4.015275,0.659190,-2.276313,0.580297,-0.170792,-1.720390,0.857660,,0.369163
149,221.041860,402.961863,1.426955,,5.257360,5.815720,5.779655,5.118933,4.933148,5.297112,5.053893,5.438100,5.166147,5.373927,4.929974,4.940412,5.125424,5.880765,5.262970,4.603048,4.978487,4.907871,5.374087,4.979281,,0.189141,1.922059,-2.148807,-0.186694,1.888619,-3.357033,1.934753,4.134218,0.930679,-3.126025,0.278283,2.024541,2.930675,0.580551,2.798074,-1.482511,-0.070672,-3.713795,-0.264018,0.909518,,0.377874
150,202.318671,402.961863,1.430278,,5.253904,5.834624,5.684717,5.221644,4.894004,5.429655,5.023749,5.392428,5.221678,5.380561,5.009619,4.878902,5.187177,5.834494,5.139030,4.463756,4.904817,4.965288,5.482859,4.993893,,0.730429,-3.334070,1.911013,0.285896,0.263381,-0.330404,0.882324,1.982639,-0.901555,-0.551983,0.910988,-4.891668,-2.214060,0.358499,-0.157416,2.111979,0.125318,-1.156566,-1.804054,-0.138836,,0.359148
151,202.318671,402.961863,1.435452,,5.147040,5.813080,5.754164,5.145736,4.967261,5.499339,5.147443,5.440794,5.243561,5.440591,5.092524,4.902617,5.192647,5.876916,5.167954,4.459161,4.831495,5.031753,5.419929,5.088676,,0.730429,-3.334070,1.911013,0.285896,0.263381,-0.330404,0.882324,1.982639,-0.901555,-0.551983,0.910988,-4.891668,-2.214060,0.358499,-0.157416,2.111979,0.125318,-1.156566,-1.804054,-0.138836,,0.372484
152,202.318671,402.961863,1.438880,,5.144515,5.785581,5.772259,5.171098,4.917948,5.648542,5.201745,5.472592,5.299871,5.426112,4.976955,4.862943,5.123965,5.737676,5.205767,4.470501,4.835154,5.133833,5.425066,5.099258,,0.730429,-3.334070,1.911013,0.285896,0.263381,-0.330404,0.882324,1.982639,-0.901555,-0.551983,0.910988,-4.891668,-2.214060,0.358499,-0.157416,2.111979,0.125318,-1.156566,-1.804054,-0.138836,,0.389732
153,202.318671,402.961863,1.438653,,5.166313,5.748337,5.718562,5.151329,5.020407,5.544555,5.302541,5.439603,5.405217,5.412429,4.986490,4.900386,5.094013,5.705572,5.276490,4.516812,4.818064,5.210937,5.377372,5.184760,,0.730429,-3.334070,1.911013,0.285896,0.263381,-0.330404,0.882324,1.982639,-0.901555,-0.551983,0.910988,-4.891668,-2.214060,0.358499,-0.157416,2.111979,0.125318,-1.156566,-1.804054,-0.138836,,0.369282
154,202.318671,402.961863,1.440849,,5.113836,5.640283,5.830624,5.017308,5.098016,5.520820,5.257712,5.538672,5.415775,5.481120,5.053010,4.976313,5.085362,5.753888,5.336510,4.460852,4.849980,5.259100,5.333626,5.155073,,0.730429,-3.334070,1.911013,0.285896,0.263381,-0.330404,0.882324,1.982639,-0.901555,-0.551983,0.910988,-4.891668,-2.214060,0.358499,-0.157416,2.111979,0.125318,-1.156566,-1.804054,-0.138836,,0.411304
155,202.318671,402.961863,1.445022,,5.157843,5.518129,5.846685,5.146088,4.977021,5.497923,5.251109,5.548087,5.543781,5.431890,5.035782,4.999183,5.129341,5.643213,5.264820,4.528498,4.835426,5.272088,5.376739,5.119425,,0.730429,-3.334070,1.911013,0.285896,0.263381,-0.330404,0.882324,1.982639,-0.901555,-0.551983,0.910988,-4.891668,-2.214060,0.358499,-0.157416,2.111979,0.125318,-1.156566,-1.804054,-0.138836,,0.466620
156,202.318671,402.961863,1.446059,,5.226255,5.430418,5.704268,5.140149,5.121757,5.522610,5.289860,5.490867,5.531890,5.521104,5.043071,4.978213,5.074515,5.723043,5.240509,4.488704,4.844667,5.248524,5.368811,5.152940,,0.730429,-3.334070,1.911013,0.285896,0.263381,-0.330404,0.882324,1.982639,-0.901555,-0.551983,0.910988,-4.891668,-2.214060,0.358499,-0.157416,2.111979,0.125318,-1.156566,-1.804054,-0.138836,,0.465763
157,202.318671,402.961863,1.449523,,5.182618,5.512372,5.867734,5.158307,5.188475,5.328875,5.165580,5.436930,5.493487,5.623513,4.945141,4.940569,5.078569,5.783703,5.166324,4.521009,4.880466,5.409780,5.436388,5.196852,,0.730429,-3.334070,1.911013,0.285896,0.263381,-0.330404,0.882324,1.982639,-0.901555,-0.551983,0.910988,-4.891668,-2.214060,0.358499,-0.157416,2.111979,0.125318,-1.156566,-1.804054,-0.138836,,0.473262
158,202.318671,402.961863,1.454002,,5.197395,5.511559,5.930503,5.119846,5.413023,5.232741,5.163720,5.459059,5.575999,5.644165,5.031953,4.976412,5.037580,5.865923,5.135112,4.537133,4.883289,5.486125,5.394583,5.252404,,0.730429,-3.334070,1.911013,0.285896,0.263381,-0.330404,0.882324,1.982639,-0.901555,-0.551983,0.910988,-4.891668,-2.214060,0.358499,-0.157416,2.111979,0.125318,-1.156566,-1.804054,-0.138836,,0.433336
159,202.318671,402.961863,1.460285,,5.216879,5.568116,6.003227,5.220316,5.356806,5.212856,5.167089,5.425074,5.428604,5.508076,5.036962,5.050519,4.966806,5.977085,5.148603,4.486236,4.915708,5.383502,5.468439,5.293633,,0.730429,-3.334070,1.911013,0.285896,0.263381,-0.330404,0.882324,1.982639,-0.901555,-0.551983,0.910988,-4.891668,-2.214060,0.358499,-0.157416,2.111979,0.125318,-1.156566,-1.804054,-0.138836,,0.461058
160,202.318671,356.743981,1.460088,,5.126230,5.630887,5.847105,5.291547,5.380457,5.155050,5.116494,5.434104,5.377123,5.539881,5.100194,5.116959,5.020303,6.120437,5.154805,4.502644,4.985546,5.522241,5.610595,5.431977,,0.730429,-3.334070,1.911013,0.285896,0.263381,-0.330404,0.882324,1.982639,-0.901555,-0.551983,0.910988,-4.891668,-2.214060,0.358499,-0.157416,2.111979,0.125318,-1.156566,-1.804054,-0.138836,,0.475375
161,202.318671,317.270124,1.461389,,5.060709,5.641877,5.842007,5.406040,5.380211,5.160459,5.101714,5.336738,5.466443,5.545844,5.061533,5.073236,5.258192,6.035582,5.200990,4.620461,4.919232,5.678672,5.579184,5.534142,,0.730429,-3.334070,1.911013,0.285896,0.263381,-0.330404,0.882324,1.982639,-0.901555,-0.551983,0.910988,-4.891668,-2.214060,0.358499,-0.157416,2.111979,0.125318,-1.156566,-1.804054,-0.138836,,0.495742
162,202.318671,317.270124,1.465336,,5.176009,5.642350,5.733583,5.335540,5.473951,5.391899,5.148047,5.367350,5.340585,5.594216,5.101986,5.144036,5.264938,6.030702,5.215641,4.545193,5.083162,5.720224,5.529295,5.537780,,0.730429,-3.334070,1.911013,0.285896,0.263381,-0.330404,0.882324,1.982639,-0.901555,-0.551983,0.910988,-4.891668,-2.214060,0.358499,-0.157416,2.111979,0.125318,-1.156566,-1.804054,-0.138836,,0.526164
163,213.884537,317.270124,1.466420,,5.205025,5.701530,5.645826,5.306330,5.629665,5.438642,5.060531,5.336792,5.175185,5.701081,5.061688,5.145799,5.302475,6.143835,5.168751,4.591725,5.118878,5.666057,5.611505,5.577855,,-1.479416,-2.273583,1.215208,-0.873022,2.414821,-0.944503,0.161601,-0.127954,-1.199829,0.043135,2.808859,1.405582,0.585312,1.434437,-2.066751,0.461605,2.228037,0.944946,-0.118822,1.076679,,0.544846
164,213.884537,317.270124,1.465925,,5.357847,5.643214,5.719451,5.224737,5.611282,5.445838,5.078120,5.294730,5.237927,5.755448,5.028371,5.237263,5.334051,6.315842,5.241229,4.575303,5.219367,5.545375,5.693352,5.655311,,-1.479416,-2.273583,1.215208,-0.873022,2.414821,-0.944503,0.161601,-0.127954,-1.199829,0.043135,2.808859,1.405582,0.585312,1.434437,-2.066751,0.461605,2.228037,0.944946,-0.118822,1.076679,,0.545876
165,213.884537,317.270124,1.475251,,5.364101,5.633591,5.708236,5.352249,5.505096,5.569511,5.173573,5.266286,5.320626,5.698575,5.052117,5.338000,5.421347,6.359124,5.255460,4.614828,5.363410,5.562189,5.647633,5.568396,,-1.479416,-2.273583,1.215208,-0.873022,2.414821,-0.944503,0.161601,-0.127954,-1.199829,0.043135,2.808859,1.405582,0.585312,1.434437,-2.066751,0.461605,2.228037,0.944946,-0.118822,1.076679,,0.526610
166,213.884537,317.270124,1.477568,,5.343205,5.666757,5.685719,5.295299,5.459684,5.690344,5.140139,5.267125,5.419140,5.833708,5.069916,5.303229,5.387183,6.270603,5.263380,4.765922,5.338535,5.498543,5.567650,5.522093,,-1.479416,-2.273583,1.215208,-0.873022,2.414821,-0.944503,0.161601,-0.127954,-1.199829,0.043135,2.808859,1.405582,0.585312,1.434437,-2.066751,0.461605,2.228037,0.944946,-0.118822,1.076679,,0.551161
167,206.360308,317.270124,1.487839,,5.305220,5.648110,5.630934,5.357679,5.554612,5.807496,5.221409,5.245131,5.242776,5.848692,5.156575,5.317632,5.524929,6.243917,5.339998,4.691449,5.323888,5.488766,5.463319,5.601669,,-2.959332,-2.597683,1.129364,-1.938001,-2.209415,1.183687,-2.107404,2.904496,-0.155113,2.146388,-2.666053,-2.019541,0.782583,-0.222324,-1.017022,-0.791856,0.746153,0.365611,-2.253573,3.226065,,0.559908
168,206.360308,317.270124,1.494882,,5.368582,5.624403,5.692630,5.392987,5.587653,5.879034,5.224762,5.115269,5.274759,5.709554,5.254680,5.273194,5.417896,6.151871,5.227379,4.777990,5.326495,5.413366,5.570402,5.556556,,-2.959332,-2.597683,1.129364,-1.938001,-2.209415,1.183687,-2.107404,2.904496,-0.155113,2.146388,-2.666053,-2.019541,0.782583,-0.222324,-1.017022,-0.791856,0.746153,0.365611,-2.253573,3.226065,,0.559167
169,204.191683,323.192721,1.494764,,5.321233,5.551666,5.670540,5.449198,5.458867,5.838092,5.338337,5.222850,5.281358,5.623579,5.240987,5.090509,5.375438,6.123648,5.328058,4.799529,5.380642,5.415930,5.569166,5.623776,,-0.245091,0.118899,-0.789527,-2.859561,-3.203854,-2.201797,-3.125949,-0.836462,1.787730,-1.592348,2.834224,0.644856,1.098236,0.951327,1.873919,0.086407,-0.943306,-3.102125,-1.668831,-0.450419,,0.557214
170,204.191683,323.192721,1.494097,,5.350177,5.588314,5.715946,5.489796,5.505760,5.935845,5.349696,5.297956,5.307246,5.674930,5.288888,5.139705,5.399936,6.058821,5.309258,4.892024,5.299463,5.531591,5.653021,5.684953,,-0.245091,0.118899,-0.789527,-2.859561,-3.203854,-2.201797,-3.125949,-0.836462,1.787730,-1.592348,2.834224,0.644856,1.098236,0.951327,1.873919,0.086407,-0.943306,-3.102125,-1.668831,-0.450419,,0.548681
171,204.191683,323.192721,1.496405,,5.456231,5.581710,5.712727,5.548555,5.552730,5.827177,5.426652,5.310663,5.369410,5.614791,5.369885,5.119840,5.476488,6.073430,5.397339,4.965166,5.236554,5.524292,5.634731,5.707429,,-0.245091,0.118899,-0.789527,-2.859561,-3.203854,-2.201797,-3.125949,-0.836462,1.787730,-1.592348,2.834224,0.644856,1.098236,0.951327,1.873919,0.086407,-0.943306,-3.102125,-1.668831,-0.450419,,0.577861
172,204.191683,323.192721,1.496126,,5.506343,5.678121,5.815044,5.498213,5.457957,5.790481,5.489633,5.281368,5.597320,5.570951,5.444393,5.190217,5.527237,6.135472,5.547362,4.853598,5.348179,5.485342,5.508465,5.824148,,-0.245091,0.118899,-0.789527,-2.859561,-3.203854,-2.201797,-3.125949,-0.836462,1.787730,-1.592348,2.834224,0.644856,1.098236,0.951327,1.873919,0.086407,-0.943306,-3.102125,-1.668831,-0.450419,,0.574300
173,204.191683,323.192721,1.499257,,5.558448,5.650423,5.815984,5.431514,5.370572,5.899442,5.400508,5.326832,5.707771,5.478269,5.426413,5.233587,5.452369,6.170808,5.512697,4.702320,5.279486,5.411520,5.579599,5.828582,,-0.245091,0.118899,-0.789527,-2.859561,-3.203854,-2.201797,-3.125949,-0.836462,1.787730,-1.592348,2.834224,0.644856,1.098236,0.951327,1.873919,0.086407,-0.943306,-3.102125,-1.668831,-0.450419,,0.565027
174,204.191683,323.192721,1.503684,,5.398984,5.556834,5.821948,5.417400,5.346116,5.854781,5.269294,5.354012,5.800431,5.677203,5.554035,5.325262,5.440474,6.111839,5.482037,4.738378,5.261090,5.409712,5.557663,5.812515,,-0.245091,0.118899,-0.789527,-2.859561,-3.203854,-2.201797,-3.125949,-0.836462,1.787730,-1.592348,2.834224,0.644856,1.098236,0.951327,1.873919,0.086407,-0.943306,-3.102125,-1.668831,-0.450419,,0.552068
175,204.191683,323.192721,1.513340,,5.371276,5.464562,5.810025,5.373023,5.135410,5.818202,5.181894,5.401246,5.792910,5.569463,5.594243,5.245318,5.388365,6.073805,5.434132,4.657938,5.282315,5.412922,5.517331,5.871236,,-0.245091,0.118899,-0.789527,-2.859561,-3.203854,-2.201797,-3.125949,-0.836462,1.787730,-1.592348,2.834224,0.644856,1.098236,0.951327,1.873919,0.086407,-0.943306,-3.102125,-1.668831,-0.450419,,0.556737
176,204.191683,323.192721,1.519104,,5.320976,5.545336,5.870203,5.403535,5.107416,5.856606,5.221819,5.445262,5.762325,5.604777,5.607313,5.336828,5.532016,5.967028,5.432657,4.627171,5.169328,5.340105,5.457974,5.862300,,-0.245091,0.118899,-0.789527,-2.859561,-3.203854,-2.201797,-3.125949,-0.836462,1.787730,-1.592348,2.834224,0.644856,1.098236,0.951327,1.873919,0.086407,-0.943306,-3.102125,-1.668831,-0.450419,,0.537261
177,204.191683,323.192721,1.521775,,5.310295,5.531967,5.801231,5.547294,5.186240,5.770585,5.290779,5.471306,5.921659,5.507967,5.664429,5.377257,5.669352,5.927436,5.347096,4.703273,5.298493,5.409631,5.475737,5.835006,,-0.245091,0.118899,-0.789527,-2.859561,-3.203854,-2.201797,-3.125949,-0.836462,1.787730,-1.592348,2.834224,0.644856,1.098236,0.951327,1.873919,0.086407,-0.943306,-3.102125,-1.668831,-0.450419,,0.577504
178,215.051908,323.192721,1.538770,,5.166593,5.531545,5.743075,5.478521,5.179063,5.758346,5.304844,5.476143,5.920799,5.521714,5.739916,5.478414,5.543725,5.827787,5.410000,4.810774,5.327677,5.421835,5.486745,5.867175,,-0.815960,-1.934513,0.823556,0.625559,-2.545494,-3.913904,4.071388,-1.835096,0.797769,0.148337,1.878453,1.029644,-1.134193,2.832215,1.885342,-3.975688,0.408010,1.887577,-0.412412,1.211116,,0.590060
179,215.051908,323.192721,1.538660,,5.113490,5.535352,5.821953,5.484241,5.212511,5.700144,5.326491,5.466207,5.949090,5.510559,5.701057,5.472135,5.424933,5.740344,5.288011,4.841296,5.315008,5.327408,5.416061,5.821650,,-0.815960,-1.934513,0.823556,0.625559,-2.545494,-3.913904,4.071388,-1.835096,0.797769,0.148337,1.878453,1.029644,-1.134193,2.832215,1.885342,-3.975688,0.408010,1.887577,-0.412412,1.211116,,0.623077
180,215.051908,323.192721,1.536636,,5.103308,5.556841,5.947807,5.586629,5.300756,5.600207,5.356566,5.420300,5.952793,5.576682,5.566932,5.506319,5.483416,5.688259,5.171400,4.998766,5.298399,5.299468,5.479821,5.811252,,-0.815960,-1.934513,0.823556,0.625559,-2.545494,-3.913904,4.071388,-1.835096,0.797769,0.148337,1.878453,1.029644,-1.134193,2.832215,1.885342,-3.975688,0.408010,1.887577,-0.412412,1.211116,,0.625893
181,215.051908,323.192721,1.539910,,5.093505,5.559506,6.038692,5.663123,5.316164,5.735294,5.390613,5.389680,5.935656,5.616237,5.524876,5.605794,5.432515,5.716972,5.293218,4.932788,5.411168,5.368248,5.470989,5.715431,,-0.815960,-1.934513,0.823556,0.625559,-2.545494,-3.913904,4.071388,-1.835096,0.797769,0.148337,1.878453,1.029644,-1.134193,2.832215,1.885342,-3.975688,0.408010,1.887577,-0.412412,1.211116,,0.595133
182,215.051908,323.192721,1.539584,,5.177102,5.575850,6.031192,5.632694,5.419084,5.784753,5.384412,5.491774,5.965887,5.635967,5.516822,5.618637,5.455684,5.643491,5.385645,5.066835,5.441422,5.428643,5.532739,5.766007,,-0.815960,-1.934513,0.823556,0.625559,-2.545494,-3.913904,4.071388,-1.835096,0.797769,0.148337,1.878453,1.029644,-1.134193,2.832215,1.885342,-3.975688,0.408010,1.887577,-0.412412,1.211116,,0.588422
183,209.956516,323.192721,1.547043,,5.255887,5.465374,5.892133,5.758947,5.279003,5.645638,5.445866,5.488730,5.943170,5.693216,5.519714,5.604992,5.477900,5.433874,5.490784,5.197398,5.387987,5.310533,5.479136,5.688806,,0.010959,-2.881302,-0.344983,-0.011336,-3.515760,1.780982,0.298386,3.955921,1.034776,-3.749599,-4.966671,0.449633,2.938793,-0.987230,0.749706,-0.008249,0.874714,-1.993512,1.853241,2.014624,,0.629064
184,209.956516,323.192721,1.550355,,5.174768,5.463110,5.848597,5.734833,5.352592,5.704114,5.663566,5.486823,5.945480,5.552240,5.601283,5.708054,5.501576,5.383643,5.500374,5.204067,5.378205,5.287688,5.505917,5.713005,,0.010959,-2.881302,-0.344983,-0.011336,-3.515760,1.780982,0.298386,3.955921,1.034776,-3.749599,-4.966671,0.449633,2.938793,-0.987230,0.749706,-0.008249,0.874714,-1.993512,1.853241,2.014624,,0.651415
185,209.956516,323.192721,1.552167,,5.271043,5.401482,5.910184,5.675356,5.420535,5.652124,5.750717,5.539074,5.949838,5.612279,5.571204,5.794155,5.333134,5.333296,5.564177,5.116470,5.443950,5.250263,5.606088,5.664445,,0.010959,-2.881302,-0.344983,-0.011336,-3.515760,1.780982,0.298386,3.955921,1.034776,-3.749599,-4.966671,0.449633,2.938793,-0.987230,0.749706,-0.008249,0.874714,-1.993512,1.853241,2.014624,,0.626941
186,215.051908,323.192721,1.549227,,5.320817,5.244025,5.975783,5.805799,5.476950,5.663696,5.756956,5.611248,5.892454,5.679442,5.455706,5.655081,5.468091,5.352231,5.705933,5.070797,5.310482,5.304564,5.552945,5.678422,,-0.815960,-1.934513,0.823556,0.6255