parameter,value
function,WFG4
dimension,24
population_size,120
max_generation,2000
parent_size,25
child_size,95
seed,1
constraint,0
mutation_rate,0
learning_rate,0.0020833333333333333
M,2
k,4
l,20

snapshot_generation_600
index,x0,x1,x2,x3,x4,x5,x6,x7,x8,x9,x10,x11,x12,x13,x14,x15,x16,x17,x18,x19,x20,x21,x22,x23,f0,f1,rank,crowding_distance,constraint_violation,evaluated
0,0.56170299318479489,1.4918371166228817,2.4964934276861901,2.4279692554483119,4.3355828907325566,3.3503559245287633,5.5969538938866918,6.0100416779969592,6.7088444161313392,9.6244887331174294,6.9530214268958641,10.282781845953306,10.986358116998051,14.674851734378976,10.363900387454175,11.93524470276828,16.286739842504602,12.645458844536625,19.314993192229498,17.723504661203371,17.433748467481379,18.738800932319823,19.207517702634643,16.827721782200975,0.14854314832378351,4.0768252625394723,0,inf,0,1
1,2,4,6,8,3.7032420667938495,6.2015971879249827,5.6673670516269299,7.2835197161672145,6.1095680777895733,9.1927661770781626,10.031530048082223,12.413121833066256,5.2420702890853468,11.557484773243145,16.27595533880503,23.584469085135431,11.865548026322832,19.64500006648991,11.343219332003429,12.817201132686495,21.79087780147378,23.096084957923143,24.335015494450253,28.568387113498396,2.1114058713847283,0.11140587138472867,0,inf,0,1
2,2,3.8454097267125062,6,8,3.5293114417203966,6.049503109212031,6.0652044772169971,6.2636937090326503,6.4390988079159639,8.202747103393305,9.9641642243928548,14.653718939215709,4.9170161520981024,11.413108990127979,17.623802924341554,20.725046910008487,11.105071084311488,19.285846818196017,12.014057801026539,14.041342879049452,24.574446754200896,24.769092963971218,26.852197102689111,25.400479645182529,2.0954024896230345,0.32971960111038934,0,0.10064363278251628,0,1
3,2,3.1265233076310497,6,7.3534632315494486,3.4076256441786952,4.4626955619998405,6.4844739063392263,5.5830011481394113,6.6796015854227262,9.2190457031811057,8.8049206229101475,11.967026494753743,7.623201321543549,13.435491808638531,15.513598914490666,17.382638268059711,13.431511075722195,15.778322058197515,14.024020052805602,11.74335323236334,19.872327466907258,20.875641831514333,28.181693221477676,25.052971854104147,1.968397416030313,1.3079785070381231,0,0.087480175912986013,0,1
4,2,3.4869966934260965,6,8,3.2501878090814111,5.479091473161259,5.3169082785181061,7.6463134266922825,6.3308805228713521,8.1982189829783838,9.8198336543452598,13.455356429391092,4.9732198567209807,13.431419688753103,16.398336436038402,22.175286221597798,10.707816823882141,18.739848897888667,11.347761510213541,13.921589061530012,22.886351192857955,24.932556387698899,24.581138720704633,24.237453769542778,2.0939703581894227,0.57291807747366141,0,0.08519704729781627,0,1
5,2,3.6946512684166413,6,8,3.7217790478540791,6.141575164843986,4.7478879080352989,8.0255741011849189,5.8762325143865999,7.6551084199351003,8.6408388065777437,12.961511279127125,5.8276308778200878,12.119497437394948,15.551923835615298,23.504510727457127,10.637415991543905,19.956351173984338,14.220913671319773,14.745703918662658,23.744467505848593,22.046932923533799,23.979030413314977,29.270234449914884,2.0741215741975596,0.62456944087402377,0,0.071176742843909402,0,1
6,2,3.8916475642110009,6,7.5577890677523234,3.5015776472859157,6.2236611085664757,4.9436245331127884,7.7042568275471588,6.3292943357529952,8.9885045223450462,9.7935850099122472,14.65128274468038,7.0136835705134279,11.652759821338366,17.308951208711935,21.42819104698118,8.3556602747903703,21.064811000657489,12.007933462297492,14.033369338631276,25.857878876195997,21.840833739617608,24.777985982238725,22.136136803678937,2.0687478709138731,0.80420867804213603,0,0.068584707143457241,0,1
7,2,3.4895150537067723,5.5486832138541313,7.1713992909487931,3.4895284906573849,5.5279103200335804,6.1285851601709291,6.7864456521946206,6.5589630532049918,8.8373315278337934,9.660560514296046,12.951439937780071,6.7105276378834668,12.720727566915105,16.570124949703668,20.141628317920301,11.980997720080149,18.694986622606713,14.059924903203406,13.003657119883487,22.806282236230057,21.170496802990055,25.044775241185711,25.561814259890987,1.9635325238158832,1.5011039860247002,0,0.065886133805117444,0,1
8,1.969055558457977,4,6,6.075681600844927,4.1741140953473126,5.8356879715789285,5.2211935305733217,7.951865391254004,5.7337379628623539,9.4456230890554025,10.068801810546169,12.069560980533028,7.6544076095857871,12.791647865908837,17.07047536189059,21.601234422154903,12.848673842349022,18.634730618280251,11.521262579271465,14.850700540245169,21.724164818238552,21.853723850554953,24.034546391054306,24.08800416564771,2.0023064608389407,1.2325403791890175,0,0.054235849906353037,0,1
9,2,4,6,7.8232169297820455,3.299339998469963,7.2501938262537386,6.7507340339631998,5.89162361372943,6.3446894897501176,7.9131951617336957,9.5585718901180119,13.981869889635378,5.9668692039464633,11.455725992155532,16.31828360704948,19.239994843867013,12.008718452382578,19.621297500045991,11.562578613730942,13.235236166804713,22.479753797455629,25.785313020490641,30.998880550483097,24.170479203912286,2.1053885239221715,0.19689109949382044,0,0.047532207257642393,0,1
10,1.0293367024155378,2.2749575308547376,3.5170933699554379,3.785553825494961,3.9548257804079343,4.7994660745193594,5.2323863380126436,6.411462000483656,6.0680016363893152,9.9743076634023815,8.2064874403407835,11.512517819821326,9.697137966331665,14.05053860813063,12.527247240444002,13.27010366380301,13.896546642822349,14.934141037543331,15.098643564482934,15.859890208424538,18.375696655221944,19.986190618851314,21.664420511769961,17.752295444988803,0.48336853453701234,3.959386239556121,0,0.045729112815998743,0,1
11,1.8125354419827899,3.3636317361694177,5.7657649313898354,5.9620348424062,3.5372218679206333,5.7401487618900404,6.1824311236028153,6.3043366393497333,5.9215929548109614,8.743734010252787,9.0098905310534576,13.145189237995625,6.6771089136152861,12.179029509553413,15.457417434632472,18.626855902980086,13.386621044995588,17.889923772784051,12.85886950218441,14.697436129400707,21.972097656068723,23.594855371809064,28.472849129773081,23.729727845993921,1.7166951924447942,2.3874627237281421,0,0.045129387261678346,0,1
12,2,3.2199601408578813,5.8216923883410701,7.0133870181894986,4.1338396143114444,5.3124618367868868,5.5267361346755237,6.9792555168469059,6.3322954950356145,8.6499894206362491,9.5291961088595567,13.038982279669352,6.7423645912101096,11.690635236670571,15.548695853510507,20.434536853532226,12.651659364607356,17.637912225492254,14.964495587029155,16.358275815648252,23.96689947889201,21.892704945294529,22.043978482344631,24.902501760925102,1.9155816985462319,1.6571908627613809,0,0.044871713057284345,0,1
13,2,3.5269530421859456,6,7.7119917031670733,3.1643257127763884,6.0114227707630592,6.1902325311636943,7.3639613936263002,6.7261502833345368,7.4247928063162982,9.874897114346183,12.947894257061506,6.365361647418708,14.037769681859418,16.334782484288311,20.764454237405161,10.422221635231519,20.620237075094963,13.991146676296422,13.027124191356338,21.007530734131706,24.909881774433806,26.72050283799345,22.645532142062518,2.029050131956605,1.0909019547356078,0,0.043316369368204967,0,1
14,0.69213054815526764,1.9241335521071803,2.9628634569087788,3.167622914835075,3.6787772825429164,3.396928864439932,5.1739778832501626,6.6400741670660661,6.6802902623968707,10.807243692845541,6.857408580669766,10.059277775091411,10.760972047146662,15.286506669246672,11.143855849921072,14.513712811908091,14.603297137053257,12.673337919998579,14.447071154398429,14.727443606213358,18.507420061238712,18.096337779246021,21.081785741881927,13.404284132437208,0.34373804189305335,4.0187386193457018,0,0.043202973318899336,0,1
15,2,3.5034216780909939,6,7.4956522262029699,3.8781271159796127,5.6884039567006663,5.173876473810215,7.7341063547693878,6.0907660192141622,8.1996973157505462,9.5711758517738978,13.643848731557766,5.8481907170788041,12.109642716455017,16.289430694746809,22.082509482530604,10.316834782663488,19.432375698588626,14.272369121171204,14.596019265138228,24.165324027098073,20.889674173490633,23.168019526203587,26.143314332419092,2.0539367759068567,0.85575878532950422,0,0.042934635476177249,0,1
16,1.4243074635362669,2.8725654849515725,4.7098344627171418,4.252000084983691,3.7618176599363871,5.5388543693072796,6.0887249948240649,6.0109919394325466,6.5715658161836936,9.4937027561647547,8.6122042199922841,12.135748966285433,8.5288682349205551,12.619260018225338,13.615033718611935,16.631334792758455,14.101937762239688,15.92254658002466,16.940181060162701,15.559185701629168,19.315637847958083,21.990786700808158,23.906304298480791,21.927916870148159,1.1015047986108568,3.4964653353977888,0,0.041868679150912816,0,1
17,1.8097447201908705,2.9685018711349072,4.5770260496338544,5.1505423309504961,3.9090682803377756,5.4811178513005183,5.5317142263259198,6.6219474554868496,5.5932911122846987,9.1674806668225273,8.1563914731456286,11.251924944521811,9.5403637468822264,12.808076918679692,12.987519216650499,18.007176740775627,14.592884303369424,15.667912392499723,14.171888062022463,14.041694024486402,19.925546445094398,18.961754549425866,26.086430727627036,24.804166417478068,1.3437047441119467,3.1267477223370257,0,0.04025751962685456,0,1
18,1.4107177182068467,2.7612704203550704,4.787843378010864,6.5887807175270661,3.4290245831137396,4.7536682035559226,4.9150452277327874,7.1519568616827494,7.0675158936094746,9.08896462738387,7.6759555093606959,11.48558024112938,6.3899354263638166,15.189659644106559,12.517789620311586,17.538003845966223,11.498370397962782,18.720704113902126,15.663585852186577,13.569851549879191,18.749496377273125,20.933226377157734,23.277481695651861,20.721147935863595,1.1863017486396541,3.3881007693446503,0,0.039134367326080562,0,1
19,2,3.3337481360574315,5.548941519899742,5.5517201246691581,3.9225893488944927,5.7199543965244599,6.334998593090968,6.2595142913294968,5.6646721217495566,8.9865924116258498,9.5803352451455694,12.08112003414964,8.8544759433626741,13.345035858415098,16.109250735020648,16.809403497490095,14.761355876447183,16.24579649567454,12.955275391313283,14.986929335276338,19.418512590974558,23.160472036582895,26.838084960183892,21.734403113784619,1.7324294533320126,2.3018747191334454,0,0.038354412031651533,0,1
20,0.6774618050680401,1.4989157815901351,2.3157641589568136,3.6316963209305286,3.2639104967745882,3.4439063056455295,6.0546177572565654,6.3314424940849143,7.2070813724472007,9.5909582855585551,7.4508161178519776,9.614251676214197,11.786993371174754,15.780483405095747,11.748691833316103,13.008576232576736,14.897457156250482,14.114097145604042,18.282475647061698,14.700967517823075,17.099845903606909,18.77699481434481,22.055199241347914,16.769603234915728,0.23010039021334561,4.0573891908095678,0,0.038331460235544824,0,1
21,0.80633976577763344,2.6343274734962505,3.6662234405202834,0.21960984784347537,4.7296514445290327,5.0046857017079143,6.1396864261189599,5.9041040834180336,5.6777565670384531,11.477550301658876,7.5975075971635535,8.9223032610931376,11.609713301281515,12.810839845562263,11.044969782219358,14.039600547834581,18.579370550076185,11.64577586236973,15.78173496352408,17.123467633883806,16.443885352325033,19.088892248583175,21.889102293709232,17.903945884825905,1.1631343687898463,3.4247340537978608,0,0.038086751414127304,0,1
22,0.70319285372382478,2.2106770030348066,3.2619109740089667,0,4.1331825007408307,4.1954933478728114,6.1203233886970079,5.6071697947894501,6.1958526438210519,11.016802825675398,6.9776780111390755,9.4663639996417572,12.324700754312881,14.628632718184178,10.512207941222877,10.297990538519171,17.064007308751101,12.548014042497647,17.409790867264725,16.453054864098384,14.756343818017397,18.199435529170554,22.885049386456529,14.461578205032456,1.0632732227624178,3.5137369546987012,0,0.037657631301099045,0,1
23,1.6721230970747096,2.9954394733619121,5.0726441519618817,4.6902834338797552,3.7267298679626926,5.4601912528637175,5.2123427791976509,6.789433424814395,5.6571367698749055,8.986440094961015,8.1922236594123294,12.027785572979608,7.7357812954347311,13.411246753975323,13.169206248416952,16.503399173298767,12.850386682128972,17.076595826957547,12.990215219468995,15.710461371613784,20.73730364200491,22.003556472934029,25.976614455252907,20.997379515512076,1.263352181300383,3.2873877251569512,0,0.037494191458333381,0,1
24,1.0046501802906238,2.0356573921409145,3.833589808769982,4.8597163913287593,3.6144913821178122,4.6861432936999226,5.5127460133608315,6.1608610877553671,6.3244946200188448,8.677928093379915,8.2705203418950148,13.089236691033394,8.7981175670062228,13.984117922543486,13.723850394325353,13.966149235500408,12.492556135240884,14.964012400339767,16.649307919175083,15.128043362858003,19.98371457240297,21.084505528089348,23.919732206597679,18.161165667136622,0.64464853784611853,3.8800357801760788,0,0.037468675884232604,0,1
25,2,3.7590978727761812,5.9421902239065547,7.69648812364699,3.4960151872176315,6.5530232352876094,5.4867723788395253,7.1658214771432132,6.3861692397507088,8.6579339701827696,10.608121828445556,13.443562362109873,6.1012867551069068,12.835128127316606,18.005231853459456,20.014472555333864,10.22617219122197,20.985550517687084,12.001254281926231,13.642878693532429,24.566021238736084,23.696169063603882,24.405804117124198,26.062619279441996,2.0531195664596553,0.9428898621855798,0,0.037142292691836547,0,1
26,1.2579939934681619,3.338985760134134,4.8893339098241473,3.135917037435751,4.7740615226099798,6.5210180810894069,5.2118219547113842,7.2859735048544474,5.3014208366646969,10.420375252429016,9.0687147600376132,10.100311149723893,9.4673100084554829,12.826320639767687,13.704556505532651,17.875693513309255,15.57583312247575,17.131478881015322,13.279587380317755,15.676754751391067,19.964893465572878,19.237837094389796,23.258321149225388,22.648341715474796,0.96654249230455147,3.6256786498446254,0,0.036989008875395177,0,1
27,0.63381114496016533,1.6774055178769578,2.777045065734296,3.5106332902132862,3.940572725962296,3.4841603196021391,5.0410784308456043,5.9619968113944122,5.6648308016917852,9.9099931206687106,6.7105908120483342,10.100994815852001,10.098359488426938,15.18971729579137,10.449025380541659,12.469153290026462,15.633568448199146,13.003889299166373,15.777673802253249,16.513460206398147,18.068080648794012,19.063902682080322,21.313020016838074,17.93090710984454,0.30809145918610614,4.0325414030460482,0,0.03679273833463239,0,1
28,1.8624624613733209,3.7922044612415342,5.6643237777321955,2.8708517700719876,4.5576517967941657,5.9908101222697079,6.0005733187017372,6.7819513843113857,4.6300875768428549,9.6382485515217358,9.1658866161213393,10.860640196782196,9.1386236790418263,12.756686849174393,15.004497794643893,18.17943559349456,16.732553416156247,15.141584174007379,11.473144506789186,16.031532292438946,19.142053707775162,21.213623036902671,24.82535130869552,20.901775778489753,1.6748111164109127,2.4954033451124999,0,0.036780755604275968,0,1
29,0.49404037364343806,2.0821050157076719,3.0257351413008431,1.2753121505233387,3.8975183424842941,4.7147362045346473,6.0221530540239492,6.3300853372836237,7.086986090574217,10.830233058368529,8.0266417777360157,9.9517335716282211,10.823249376245931,14.323076441850839,10.445685252263202,12.686745788542954,14.936188187803532,14.163511200338984,18.039477342370663,15.763886076288118,16.214471981150254,19.201309802396064,20.854686722086271,13.599343002438474,0.56109976645992266,3.9256377652334398,0,0.036231878600996428,0,1
30,1.7984443405641835,3.1732188845743208,5.5339540055159127,5.2817494483318059,3.7222377067228001,5.5765938832659812,4.8953950732776743,7.3223068569833245,5.9110726082369105,9.2256114787181218,9.1444640274600211,12.552457264715775,8.2614925222802231,14.576304187342837,15.635549459115719,17.943206745694813,11.060892240234901,18.620026756415697,14.978135520011127,15.320774588608126,21.061575931976385,20.777462067181332,22.518258806536942,19.954427995172363,1.5613601337908716,2.7380581499579768,0,0.035640803637873364,0,1
31,1.9475716063069843,3.4801520979884293,5.6453476495783992,6.8910931043785535,4.0043930454975962,5.6939624179566257,5.434695104012234,7.3726800227727161,5.8802515516379161,9.1731999555982249,9.9060475039467306,11.636029124969712,7.6882581526775207,13.374188534434129,15.650886042036227,20.192221444077521,12.772781118699791,17.973392970083264,12.506169693181462,12.548170037946212,19.188019065664079,21.180029982219803,25.911237690394813,26.054538741140444,1.8766592584076871,1.8297163220235453,0,0.035585706934284755,0,1
32,1.6097664521815791,3.3366494835610898,4.806817109468791,4.6756495930951374,3.8415293655893041,6.5531910399458297,5.8305961109541249,6.6441620032545332,7.0571435446040667,9.4558988531751211,9.5277233490542397,11.950707095169673,8.1967783004108679,12.731250026451212,13.272603038123165,18.048941713113408,11.898722071394108,19.336351097272004,16.201408907069212,12.436232230425995,16.711171831231734,22.09657405077651,23.962099902539119,22.899700546546313,1.2850012614121493,3.262978219751782,0,0.035526098385751041,0,1
33,2,3.6741934927823134,6,5.858307244391141,3.8398572631508574,5.9545225846320466,6.4463771001832599,5.6653853248158983,5.8948479917138359,8.7849632992602018,9.0921855224689221,13.511511408306044,6.695231885421963,11.73229048762588,15.345611668666747,17.248880598679449,14.117313372473143,16.926038722501183,11.584098998737058,15.417862513166881,22.077968183712834,24.544258092376158,27.129212294348154,21.200898099476987,1.9600625819621631,1.5524064405158686,0,0.035251469105385284,0,1
34,0.7452983916206275,2.0932475949780907,3.4225961279794221,4.9942833830866808,3.4198865346436249,4.2064810342753871,5.2118928010079317,5.6619183867994369,7.0010857214113384,10.389437163331429,6.4460392929700019,10.66331507029965,8.861636153101438,14.056820801049234,9.9072654704439262,13.2962251275331,14.107930578943023,14.989205050163045,17.480302515085846,14.027323195278571,18.09383667704294,18.246066440884452,22.040697151438444,22.874432689067504,0.4347682791287803,3.9745014675018187,0,0.035199446870443227,0,1
35,1.4819113473325733,2.94321168883361,4.7462046747615023,5.6676470305285154,3.885042587493563,4.960872325119559,5.5091911801824054,5.6886386985527411,6.7033836540384204,10.360379044657673,8.2798421496029313,12.036896056689473,7.8929622430752238,12.427782979874433,13.778241927765869,17.070786102925222,13.309263637163166,15.224155347569493,14.373516199863221,14.103030532287846,20.818127864565035,20.223037522522894,21.949568098419505,21.515870420063948,1.211109405569073,3.3664701223484754,0,0.034985448568042164,0,1
36,2,3.8053815430772082,6,7.2502529849363837,3.4951258980028297,5.1395981526365953,5.7778400046170297,6.947487031291292,6.7804095444286601,9.1067327961140219,9.7780107444577986,14.040901723914166,6.3750008963180242,12.066087226051067,17.535039233456676,20.296442991138598,10.466334623393285,18.712742630554789,14.184058574866841,14.178620915421762,23.691678316414716,21.941487159604655,24.883570907713693,24.663223377457165,2.035289433540048,1.0133134846676235,0,0.03483489275100804,0,1
37,1.2803455977555016,2.7312719494631739,4.6975556354318284,3.2752865134969964,3.9316482251128804,5.2341530275318968,5.7862252253757891,7.2547166295880041,6.0439261208398616,9.18628133789759,10.170856620536641,11.92544295583517,9.6518742175848864,14.591218593012332,16.088531367238243,16.605041947990063,13.362034208999471,16.030775010400884,15.903917202514506,16.691310890854457,19.451903461886843,22.659539427037316,20.913424501068217,18.90361820812014,0.99554932516416017,3.6065093333556524,0,0.034753812304078362,0,1
38,0.61546973143180106,1.8238661216520051,3.3201621574153202,1.449989883726448,4.783690401738288,4.425795433198771,4.9140761308574028,5.6496054338083281,6.1010876466917354,10.883962314629322,6.7012077064495594,9.8304001990936563,10.86629217440937,13.962534980859367,9.5069997667213251,11.9941048615591,16.047736152021844,11.284206814880935,17.093410393748709,15.67914971593772,14.823297260399539,16.49213297440183,21.271968207033005,17.655769748170783,0.59202280731184154,3.90099880628394,0,0.034284901556010827,0,1
39,1.5942522994602986,3.3801805436874806,5.3880964723304698,4.5029193785998824,4.1456898227009233,5.4168753086024042,5.7742448585943214,5.9515283681683124,6.4084429026330696,10.804267612513335,8.4570259028334647,11.4944299695273,8.386355513656131,11.637728721232557,13.787405978989552,18.00255148785612,14.694809573111852,15.970084154086495,14.037766187454924,14.575699226977724,20.115797363461283,20.155799558832406,23.971732021812517,22.275901864207572,1.3313703982206322,3.1796515787766775,0,0.034099161965496588,0,1
40,1.2023455926931366,2.6886656083188303,4.1749532010910624,5.8606909473463142,3.3822729635843309,5.4158173241619796,5.4940388615583116,7.0402161694519032,7.3759088232077348,9.875211737837315,8.5878991371559579,10.913415617417609,8.2291556789324076,12.718972719756083,11.749282095606324,19.328728853316399,11.462255517771112,17.495656843414459,16.669212334000132,13.054882862725231,20.954481119937117,19.142252108577935,21.930921048138678,25.203776893764324,0.83279204651070216,3.7427273477289305,0,0.033885149653006402,0,1
41,0.6336572216039611,2.410008502391535,2.9223706104680551,2.0318379736798553,4.6558777903583826,4.5077651653359707,4.9537444952447816,6.2775732564098039,6.0951413596699799,11.994726927183065,7.3992429942697777,9.545463540510621,11.971732243503288,12.753737487055897,11.790757822961664,14.659817384939776,16.988391154502924,12.54988832555401,14.152114254741019,15.868863265385194,19.187519736482617,16.873924887126279,21.924815736413251,17.729711913602159,0.51370590742006184,3.9526379277062693,0,0.033847275675924784,0,1
42,0.65757799927965155,1.6470912946829042,2.6057265110209018,2.0770826021238533,3.9798209672077043,3.6589496675895283,5.0382004189826173,4.7212227661866191,7.0417553961557022,10.810349913046718,4.8652722138629905,9.9830985310692171,9.6302741197457618,14.529489144206693,9.262473834186201,10.836204045866717,15.484560457795249,14.543849798133746,16.671806245523861,13.477798090816657,17.21950699488443,16.366608240060604,24.000812987159115,18.43215696494109,0.19769507605929776,4.0647596192878463,0,0.033714019987857433,0,1
43,0.42067213364162309,1.7368086988787672,1.9750991779614546,2.7549077967185962,3.9485830785874265,3.9269810011401005,4.618909350504393,6.9360654111281956,5.8602266001272278,11.014791922526999,7.1584961494838213,8.4150436898395569,12.368750380057756,15.703478639953532,10.069919553014865,13.292696899097047,15.646178620132474,13.188767300289394,14.81256074703499,14.785402189076976,15.64550840561151,18.084626708631774,20.197110175067955,17.024176368469025,0.37657619606522708,3.9995778996231666,0,0.033690991105776724,0,1
44,1.0261327000993696,3.4224595219125984,4.4541200429830408,0.45845762544015106,4.5557233101332173,6.2691431841166176,6.5875331273343782,6.1922474374993772,5.6187582502046229,10.428890649439598,9.1745571674959887,9.8960827625089092,10.334620560313828,13.380245772292003,14.371375596637847,14.844231781701444,16.815337519236763,15.767727489482173,13.870395888061907,15.917545557692353,18.339213876514897,20.569302642141974,23.041810682053693,17.883906545325189,1.484906002705124,2.9132297421243267,0,0.033645649523492353,0,1
45,0.12226613859061383,1.5551279446250359,2.0562782033767091,1.9230854596993141,4.1521200174361148,3.7574548757848181,5.2138252243220959,6.9320970292396424,6.6164094055609013,10.762327286939206,7.9015173580973137,9.0202836473447459,12.495849084464281,15.659082105170496,10.147589831071413,11.379711153244756,15.085164132485913,13.440791284872564,18.998013433140006,17.319532295154588,16.520168542988856,17.406170304767887,16.52566095638463,16.200702400052968,0.86173427413532089,3.7306781482806533,0,0.033580401706201954,0,1
46,1.6332503238534497,2.951840664394779,4.8368742650547096,6.6156318329500827,4.0067308207337486,5.0475595430530564,5.6364492088305083,7.3195793774492985,6.5369945546845063,9.5257969103000271,8.8430524176989458,10.42783277874728,7.6211019382816785,13.369113527068516,12.393908942964197,19.182022976941923,13.377532656159353,17.982914324726508,13.415756125410077,11.682038120491685,17.353075169266951,20.151044428515743,23.925764641496638,24.044157200141015,1.4608698513165284,2.9440425818961842,0,0.033552053695640911,0,1
47,1.3213626586853204,2.5020956996332062,4.3497460549043865,4.44119480665994,3.9612301301685737,5.3358188093444205,6.1428034520152925,6.657935744564166,5.9266954980808899,8.7285150298701222,8.6677379309954343,11.37426071108586,10.19749205962864,13.538366166314605,13.159802424776412,15.276625974161773,14.692027154906217,14.793687080239188,16.719106969372376,16.908468267148116,18.657470161601694,22.134823207585534,23.034959633033655,19.092199619965307,0.95126800990104454,3.6637281580320078,0,0.033246765150293053,0,1
48,1.7842163114974789,3.2744230373125407,5.349095400629726,6.1520812905431859,3.7164260013511146,6.8023352558433379,6.1024283413997109,7.57815529288197,6.7133934503089909,8.3436884040629415,10.050574919753055,12.622247770236678,8.4237935701177058,12.902317289981038,16.369332534634225,19.522489156542289,11.962577040100483,20.148352034771449,16.815578077616077,14.350025896888855,19.875116295319472,23.866762499462848,24.934322869739336,23.883772176698148,1.6930527291815005,2.4625644868533483,0,0.03302892456011719,0,1
49,1.4061133014144078,1.87956760837462,3.8563849724240842,6.7251033361818378,3.3600292740399196,4.4442493944620205,5.2223378113605667,5.6411986313222418,7.1102841280386446,9.1797573931791696,6.9103743567599798,12.03852292433297,8.0097299224276846,13.390509135371907,11.186891983355713,14.390061335832645,12.478268894735155,16.137665411854766,18.953345889823105,13.024983342758663,18.510953006792107,18.424553719552542,23.776441815579084,26.387837106348886,1.0547830290422098,3.551405267765805,0,0.032821917500449327,0,1
50,1.3726684072851498,3.1354045815140652,4.4744475304877751,5.0130324570407723,4.1574550816374085,6.0182770555882295,4.5858001252100467,6.5999154353500336,6.2928748074275607,10.463004168724126,7.4052799747881615,9.9994102461028724,7.2291436749050568,13.886019913195881,12.043925529066581,17.353594121204559,13.386703470085788,18.89237927730105,12.406779676718731,11.168722069397747,18.180054875408103,18.587601207205498,24.156808516320584,22.947673377176894,1.1194033663276926,3.4611054601440268,0,0.032441291862379429,0,1
51,1.2404886188456625,2.6630408755926687,4.5893225282776742,3.3439702420146364,4.3185652515459445,4.7795886695962784,5.5009623473275946,6.9018189271780379,5.8927571467004984,10.032553174461052,9.5915535550435749,10.421227881793257,9.1588463843238035,15.829379058794325,13.285359584305926,14.346563862798062,13.979066197498764,16.794448614704063,13.446850353675766,13.94720303971253,16.556925317966321,19.702326511472183,21.916037874206186,17.77544497230414,0.88399790886796981,3.7130142056964051,0,0.032434657163063124,0,1
52,1.7026483517102968,2.2427254398335932,4.3439789929260204,8,3.1471024487187917,3.7875697047924004,5.8820521328864901,6.492389005263993,7.0132866793325404,8.6982029183279916,8.1582615558580009,11.405937037374374,8.0893992010538174,13.494169505978677,13.524745173467812,18.863135308985143,12.740123932969592,14.1555633598519,15.486203504415014,12.324266352614886,19.93399120061007,20.119599986753286,24.208790910725519,24.317282996122557,1.6086652344523784,2.6717142077140972,0,0.032404470329894054,0,1
53,0.9664550100926802,2.4817920330458163,3.8061676824218482,3.2801003800270441,3.9427425833008583,5.2187121718522418,5.7590402032044601,6.3258275140651383,6.8261038134696133,9.6420646431869734,8.2125689692408237,11.585631489764472,9.1727659620591773,12.819945094597117,11.729498340628304,15.770841531392856,13.994008514195068,14.973867427381904,16.39251248370131,15.71578691865648,19.173543239375402,21.138178867907506,22.307900406905603,17.869671291808313,0.61115855978167777,3.8908136511879272,0,0.032097162295735483,0,1
54,1.6897906667753018,2.6009043810316821,5.3549646142072218,5.0918383940969782,4.3268396995801144,5.4048834871772433,5.4814035998658257,6.9346941954293646,6.344386108504656,9.1636253103997625,9.1362678004868254,11.530772245306851,8.2775086505498709,12.700718509699851,12.329189203022782,18.159790550077432,13.276365815494071,15.890779287662941,17.537968134415348,14.14303123262653,18.474522217012051,18.922105726813719,22.246937449023402,25.902429288780191,1.370148645909103,3.0983543173830119,0,0.032058816510690723,0,1
55,2,3.3803424327610405,5.6295467207230567,6.2780544688718596,3.8818891363597854,5.8595687707095507,6.3925879304664912,6.5819963807326598,5.7813046019741812,9.2097061961706927,10.425398167690327,12.768644982840089,8.1909323581298139,12.048945685924949,16.106025721687555,18.13592256516479,13.498508397922242,15.658741687210233,13.126207391192191,14.698372595647477,19.911155163448182,22.999529867084167,25.919513909144985,22.868163325424124,1.911296694212018,1.7471402416180466,0,0.031861656063087759,0,1
56,1.0644373198230288,2.3110768603527156,3.9701461325313132,3.9116320036413823,4.0789775592799549,4.4836439469222995,5.1839076880426376,6.2211738153143719,6.0426667392196807,9.5138079447559782,7.4347660180507065,11.157053387920705,9.0184538127958351,14.077634016019472,11.667044816068362,13.90825837593122,14.470598235938656,14.166875251415902,14.805819536147597,15.694246948411244,18.222244958826177,20.261546437147121,22.865576333972154,17.616752985357177,0.81168271699612016,3.7639316970769805,0,0.031777013159635013,0,1
57,1.9235824519971136,3.203176188172363,5.7496883800214373,4.7009438069178815,4.1486679913450155,4.4458103981320596,6.1281270803609651,6.2789173878348405,6.7285688345021741,9.5384014274990356,9.0281022330335379,12.386692556373882,6.7864458175257303,13.435510290062249,14.838010188394291,16.742605482535424,13.857064659520955,16.289785987714225,15.553570320974714,15.009727398167513,19.492055062164852,21.117240506131029,23.09450789633016,21.367726193585693,1.6512568891437762,2.5239787128849303,0,0.031573245883226353,0,1
58,0.97939444443950741,2.5628784089752354,4.0848818689453967,3.3349814692260518,3.9523453938314725,4.7382639146866898,5.0855011717805363,6.2323117953220706,6.352827934830775,9.8607273002169649,7.2187558411468284,10.44793735954223,8.8034782021807469,14.241925650382024,11.890510171169932,15.969170633841779,13.936733843668343,16.30433185338595,16.457012960375394,15.804944254086365,20.033767162395232,19.528336174305167,20.163957265017658,21.754802495696556,0.77028183589640298,3.8017021538686206,0,0.031540734166104541,0,1
59,1.9513570195734453,3.1151285200284393,5.0741928793342801,8,3.2979910056825825,4.936954484183512,5.8206895077271277,6.8642336960655292,6.4480772795274177,8.7505005043022734,9.0170941278791954,11.93020546855483,7.8997842391170758,13.192505802754175,16.248296614268273,20.490543433432116,12.617128451781385,17.336097871091585,11.620848350548133,13.118004303760054,22.404487074015929,24.02653134504488,25.926013116619593,21.851339033137634,1.8898109130631342,1.8073445872855347,0,0.031475263160491485,0,1
60,0.3958106614821334,2.4236643964719624,2.8483262927703499,0,4.5967763721830766,4.9090314133665203,6.0451772749322288,5.589367310842877,5.454375627465903,12.050470648886934,8.7426829025328825,9.3910657250337035,12.89724061798402,14.552633126602224,10.828113985986334,8.5954643756289677,17.891758754126297,11.64857898508888,15.706326796523266,18.510989886579043,15.071624557822249,19.247889700357049,18.954875008207001,12.848587317602638,1.1457676015691585,3.4572427169760558,0,0.031451341745227741,0,1
61,2,2.9236265746100472,6,8,3.2962420077344152,4.7136267664253975,5.2152839242053499,7.534795459826543,6.7326684116167046,7.7908599523846345,8.7086522917817284,12.538117862380703,5.2490590013979714,13.9026415537496,14.733323755414654,21.931950270183485,10.303218348434907,19.371796473048597,14.145462070303694,13.863365750481922,25.57808012495596,20.654603727612475,22.925630920133987,27.725760064221287,2.0271848142026192,1.1687079215668357,0,0.031406675831824736,0,1
62,1.8358386739351855,3.3361312583047145,4.9933067704293288,6.7185670792212004,3.5245913709718417,5.4294051035383752,5.829157216464389,6.728369002488038,6.3205569688910739,9.5765748657698904,9.3580099535835792,12.040146198668261,8.2182060645336623,12.433694759607638,15.100546662700276,19.122948972304858,13.099275758100408,16.620077612401371,11.92825490891836,14.766202061171427,21.7909091869608,23.829980785707619,22.904101818582493,20.65626435644668,1.7041124851824252,2.4236250909734127,0,0.030984061630531287,0,1
63,0.73463387444267036,2.1848197869769685,3.4398376277489229,4.1118086182775277,3.914833831919692,4.4784660071383771,5.363401868084595,6.6098457097321788,7.944534579292279,10.905471787888397,8.6789103614485938,11.402984525233965,9.2541951970619696,14.086746651156886,13.303023930139245,15.836130915693168,11.866253578417089,17.175261339105241,19.093889608155386,12.631771196249849,19.141140146475482,16.42587873005558,19.212888354462944,20.031385605923347,0.54253739524599187,3.9447018585584805,0,0.03095417902601225,0,1
64,0.67942215154108765,1.6975392079503087,2.8666232315497817,2.427741456640502,3.8938996115298106,4.0200053330818042,5.2604956652637123,6.9646527876545008,6.7908716402567411,10.130177572753809,7.7469129091559381,8.8187869615014982,10.728185987289706,16.933335345302567,10.056539274307298,12.72806804415058,14.785553760650608,14.675857245890604,18.907714075393976,15.039657483666367,13.196950744066163,19.428708009175736,20.674341868068801,16.346048122138981,0.26869783722491941,4.0562006775695947,0,0.030848003562003377,0,1
65,1.3252142842417045,2.7252971044941412,4.1625358492420608,4.2910900893305737,3.9172960362840459,5.2300255838605354,5.6018666804483397,5.8781227826563622,6.3152176601776793,9.5819019172419591,7.4872548020514529,11.891233547721438,8.7714377713464859,12.791618908876433,12.463250566823261,15.455558810213764,14.168946945314607,14.798004158900271,14.789279110411243,15.534591796273688,19.827436442514674,20.044150685941293,24.756944489548527,19.341778866249484,0.90214837396621239,3.6837066026613776,0,0.03083068884603999,0,1
66,1.3110060090809124,2.6561265755885572,4.0244425457236748,4.4705842493046104,3.6863766780742391,5.4730813096340549,6.588001393748165,6.9779226505164411,6.7416329332126477,9.1768477096257204,9.8460802383929025,10.294854122716925,10.11747503028019,14.139335958939519,13.732501131827206,16.865279236091823,14.082595705531872,16.885012073219286,15.755655514410208,13.949554225480805,19.002434742807747,21.852446322846212,22.87569654668691,21.865733701525198,0.79777014759468856,3.7979845045498699,0,0.030617050897967672,0,1
67,1.9906959891813973,3.3794627222344706,5.6879486013031464,6.6272137570213649,3.4886513477589873,4.8929000336827801,5.217840421522344,6.3857770325539311,6.4067946994169533,8.7655845390476372,7.4039996462076632,12.837469461787926,6.7383008621956755,12.961054774835372,13.711993617239807,17.443210619097425,11.56636076620469,18.869948120529518,14.983530012869753,13.725812307109292,20.97651576221298,20.22475867085652,25.516845633703674,25.336816727912488,1.8705746179686864,1.9095952438988255,0,0.030413769300560195,0,1
68,1.6099803348125186,3.5165286022773015,4.7995509456226912,3.7028290683349288,4.1143911833438755,5.7990507964084319,5.9615998137318229,6.6147135360720775,5.6992266437524384,9.8588363077338173,9.1653927837273699,11.999231227993489,9.4046473555437924,12.181064986149361,14.830350255658169,16.70542469402627,14.769941138216787,15.734188309249298,13.490637737611888,15.906327992012855,19.782226293500035,21.892632702962615,25.0079318164269,19.788256108803473,1.3023396478800757,3.2252752020070066,0,0.03016253836674114,0,1
69,1.1673048395756198,2.729445556040019,4.8281195547044415,3.4322232355324513,4.3017197379242207,5.5069314522201029,4.7490889519906636,6.57294711877186,5.6415802964137081,9.1569271879443335,7.8102015931236446,12.628368612190565,7.9703697401133109,13.542019387007644,12.65265027697755,14.652089277741979,13.111888889255559,15.595204107915555,14.67863947455991,16.481877520056891,18.297692387457932,21.08283513269463,23.618535630544887,17.846735567543426,0.92918216133308051,3.6820398367116116,0,0.030062655526902432,0,1
70,1.8233740990540932,3.3096724966394504,5.4003289247345485,4.5176809271601437,4.34186378686179,5.6692275649934256,6.3415779989084937,6.2507799647212741,5.6986068166716715,9.470538156163661,9.1740991658962656,12.044195481141253,8.8025765524425843,12.153568615048306,14.263782987134851,17.609262713273669,15.586139763466775,14.535833868552924,14.091425695692264,15.900897392732595,19.290879167501394,22.005207866512421,25.767760585637028,21.194202368648451,1.5403908115647784,2.774628382947971,0,0.030048951499129627,0,1
71,1.8742251749520875,3.8797990595510674,5.2414697982185992,5.4546781529054691,3.4521466350239982,5.983548008576574,4.9289566812856531,5.9467719405803861,5.8597865912693132,9.806535113544987,7.2439427249373631,13.04336607757053,7.5215119581703869,11.621479967563985,13.737398524184314,17.851435006199644,11.520971213896987,18.660992193119483,9.7645283875325326,13.435229435157019,23.540686836048849,20.991962813018787,28.006494167876486,20.657482320208711,1.8179596605493074,2.0462340156650165,0,0.029976626780627465,0,1
72,1.2321686649225121,2.1570300953649704,4.2789239999151869,5.0553280263084712,3.9536909840900449,3.9591884080017858,5.5086615207034901,6.0276907419901953,6.7663139343211629,9.9992523031553109,7.1938540437892957,11.238521915396936,9.092982923991265,13.212024706633644,11.695115826185194,15.37788063297652,14.345481883143647,12.631215746967051,17.277166825831387,14.704578159724731,18.42278757556026,17.916947486220149,21.988245047574782,20.768566315169888,0.74609725835263374,3.8186660111576685,0,0.029842224861165154,0,1
73,0.31198852756023898,1.8852324304805907,2.5505024384100912,0,4.5370213965006245,4.4392046314042357,5.526832551043479,5.0086222725700145,6.2782306608080614,11.767429352001749,6.4790927813739589,9.4775194807103791,12.058441860540333,13.973577320444567,7.8510265481422348,9.3283031793052054,16.978376082148124,11.824478047711734,17.426614641743939,16.256015105077157,14.106318050179311,16.256963822422616,20.623385137706265,12.917519094270883,1.2369575207308441,3.3145993688431052,0,0.029666492317385752,0,1
74,2,3.5635165848907211,5.8044897174409691,4.8760695805056189,4.2761265098157333,5.2726708393280095,5.8257789994086373,5.6258937866715284,5.2467342962369514,9.7701593299944669,8.8970352539596291,12.211565079603352,8.1772940719568474,12.431778124508098,14.34730055997573,15.254681522222395,15.535849626875624,15.233232024195477,10.327316252430952,14.796604258735456,19.071978655568959,22.044724546143396,27.814180658976412,20.688272637754601,1.8134946923981923,2.1045277340447872,0,0.029587338213201631,0,1
75,1.8023308194408965,3.408508677653455,5.2285453383140092,7.1591062913999632,3.3892327760178951,5.0921446632101075,6.1467787836937351,6.9063787739628948,6.7317499827178091,9.4984886739466639,9.9652046792438771,12.311267093318387,7.3602830756460857,12.612268961551226,16.55533484725424,20.705921609746316,11.871069601264697,18.322046540939432,14.107053391928225,14.013704833611563,24.645347889356561,20.963765147443965,22.138816876188358,26.230508002583495,1.850441855358979,2.0033728262670545,0,0.029380697680298946,0,1
76,0.5664005196090649,2.1403420667452706,2.9671365783813228,2.5058270594167316,4.3546459549263039,5.1980361078880843,5.3958387877749123,7.0235105400128441,5.7368106221181518,9.5843655426438215,8.6855370314249019,10.478167844972427,10.432015294726311,13.977570025373765,11.123290646387728,13.806763935506416,15.474065567091438,14.229176440755564,15.782574056220565,17.435368637073882,17.489362004663516,21.272977212017697,19.37431102464377,17.001715209099778,0.39892691285959619,3.9966335074796757,0,0.029342513841871608,0,1
77,2,3.3289516087075546,5.7717422392412292,6.8552200717641467,4.1029635332137939,5.1593175964882407,5.7276885573811107,7.0462641712127407,5.8306844539132294,8.0583339767850308,9.0163511039898072,12.618490471899458,7.102475796361678,12.918911479784171,16.156987884799431,20.013310150498938,13.285468127697634,17.026587182519492,13.831835116376807,15.707098402969212,21.850659589223543,22.971139261767267,24.873375172244657,23.533864375485347,1.9488927617944496,1.6113152688974928,0,0.029080551429352206,0,1
78,1.4606960000280809,2.3451616629294585,4.3905939363391386,6.2855821293561931,4.3737126169448794,5.009428023728054,6.3253170335688047,6.7059952676148633,6.3384416498725615,8.529059991973396,9.470653141739378,11.469217979985931,9.5999148899658557,12.168267935567616,13.096525526348648,19.355495468193819,15.51086078561373,13.160826192940036,16.416522508332505,14.940141413759104,19.23751249420561,21.234153724440851,24.246808509924175,23.045472411230762,1.026852294469603,3.5703112448624932,0,0.028931481182512805,0,1
79,2,3.5786700149561468,6,6.865674011292632,3.7034137610884947,5.9601510220054461,6.3010215620280885,6.2304799381049456,7.16500363849355,8.5901541572488025,8.8444484441219196,13.291124464903135,7.2761332658617945,11.492863117944141,16.28795319114127,20.086532723085178,12.127146653848065,19.422298818474399,16.525896907971507,13.617028694704199,22.298206882209861,20.981582194220209,25.802858808111317,25.141857795275456,2.0182427691819442,1.1936093189031924,0,0.028771803183550135,0,1
80,1.8698545113992719,3.901930423142522,5.9094263807899177,5.6269382462601305,4.3896181390521161,7.0258085365097092,6.0554788857906825,7.5479991656018628,5.9295333762057281,8.7595738218852492,10.119717388545162,10.904030128594149,7.5346395184025576,12.155250951422612,14.369623860402502,21.477619526411932,13.955750479486525,19.539786201615303,13.231527400376544,13.321428443378805,18.28819937383966,22.939816180756697,25.536259645125739,25.394143179404139,1.9361233914264284,1.6193605322729214,0,0.028539567038515363,0,1
81,1.5674025958765476,3.4005886252119204,5.2147095585335608,4.8021177101466881,4.1020323080601386,5.990597114784312,5.6750513203782731,7.2716335702823569,6.6809556730637851,10.016007085665052,10.133911183522326,10.956451072950667,8.1519289420430656,13.275646762830432,14.647144407448256,19.094606003875729,12.542047020724123,18.64094004039563,14.253348304585266,13.53724456129617,18.623028120679205,21.759611136954646,20.005980391462025,20.959266828871151,1.5119647356484343,2.8596237024699178,0,0.028361816839688334,0,1
82,0.78001721355970532,1.6486298133061617,2.6141032527131376,3.1751940608356497,3.9226018977877297,3.6432953673164925,5.2068226651093603,6.2340063522047355,6.8245945051322314,9.6277061320262263,6.0488019676285116,9.8807249108727682,10.35654679984618,14.007112706206682,9.2258094928132159,14.207972973185971,15.454479378416893,13.927613621524481,19.145161881999027,15.070875957017298,17.394087611513822,17.278857600670136,21.778279340408254,21.710763207767226,0.16918219250706901,4.0680111071970808,0,0.028083655582102587,0,1
83,0.036658874251662948,2.1903151945156756,2.2271275187085608,0,4.5554000654095681,4.7587153069570443,5.0094425348070919,5.0471970456894217,7.0500820845331411,12.362477604810373,6.4236681817707977,10.188224913453853,11.452776630185458,12.657447543282778,9.0999758742741896,11.247704203677657,15.696281471548213,12.662213718464887,17.345575617546128,14.796395700687905,15.710417284855195,16.182449277451788,19.96434300582948,13.844257404403198,1.4452805121703289,2.9662253998465431,0,0.027877002084164031,0,1
84,1.8988172079936561,3.3830016484082215,5.8733875778709868,5.8392069226157783,3.9414121041912815,5.4890034503745655,6.0208157515992031,6.249744250840962,6.0557790622739747,8.6951899471190579,9.1899296726534381,14.058670896210787,7.8985517833091743,11.008214343478182,15.749309677684652,18.863143744035824,12.637713746983811,16.46934666360583,14.191670143462137,17.076507981771524,25.193730916056971,21.876218027409646,24.645492339703171,22.394299084574488,1.7767212867602509,2.1891384144274442,0,0.027874461832570661,0,1
85,1.7234330286786619,3.4757842875594624,6,5.7725951412313723,4.3647892869352791,5.9264794721789515,5.2254922244223554,6.35525983586128,5.9358220049072781,9.0982770122436616,8.6752304108746952,13.084462315872059,6.4000872809262628,11.510318391601032,14.990949132908399,19.032937920509504,12.721551124134811,17.895371772378187,14.033826978469339,14.743764212821343,21.429724004162413,21.52011373697265,25.098583643432757,24.937686556410362,1.7923826745787068,2.1549953993065816,0,0.027459613462221189,0,1
86,1.8071011672031205,4,5.3871407031906511,5.6077303927783229,4.2164767274874499,6.5935436203216664,5.5352655239229112,7.0535976024431886,5.7203127960093303,9.418767208586905,9.2146318291420339,12.489303987924998,7.6276473577744577,12.06460988040515,15.671894086633129,20.148346349422802,13.307154471206866,17.855856653976421,11.577165831797492,16.349388090502913,23.601139342804462,21.161792925786013,24.044040726629852,20.861290448535023,1.8312335462088027,2.0214942681006991,0,0.027357118814781749,0,1
87,1.6137139917669776,3.420794673285199,5.2861682552886888,5.1392185763549803,4.607053900064038,5.9664150329328676,4.9125480021568615,7.385803130269097,5.8402123333152742,8.6654147437554823,8.6284976527531878,13.045940094950147,8.6495833586424631,12.108198261959403,15.438778191243182,19.310798522702409,12.783600276455051,18.705472749728468,14.851864577083195,17.204167744129926,23.669109489986305,19.964074356576081,23.161198979833873,23.103782188609092,1.4975822211685046,2.8847906255834683,0,0.027303719846143215,0,1
88,1.9116877313275615,3.555193031989246,5.7305817305067102,8,3.6599271695496438,6.8002405393202432,5.5266220848556307,6.5687302134897756,6.7326528844701201,9.1903767497763411,9.3043681346958635,13.454553142632896,6.4169171939852454,10.620088712181365,15.610340977997147,21.235443388574513,11.517061833589333,19.616599039017849,14.919405741744137,12.440750173661897,22.774072184759245,22.05397072143375,25.804749468599205,30.762581499555672,2.0502552517581334,0.99560605516911149,0,0.026843177798625169,0,1
89,1.9824676765967135,2.711780321859969,4.8551716576442328,8,3.5261002679489692,5.245926461109363,6.1164050203540627,6.8456872925488819,6.2232432176288874,7.8791442531832372,10.084433698459785,12.987215784365313,7.6251144086417488,12.876709900518501,15.676110024269756,18.712096846409189,12.896514584694785,14.94794323579505,14.516581916290104,14.755809755877909,20.292462468472355,24.374714718707679,25.137909662055907,23.42618923795639,1.8582265936761218,1.9595194409927619,0,0.026735669081679552,0,1
90,1.6027693011471893,2.5569684935776715,4.5091831094763668,6.9240803676627714,3.5126927145706088,4.639814040787666,5.4096333434399178,6.8392865038926809,6.7294417825046065,9.1199153518431721,8.705831620867345,11.603867041302115,7.7217864763473942,14.004887725322552,14.253571217663348,17.33695402047486,12.550758417352462,16.367318738373232,16.433789584251372,13.06436441902013,18.987331878062808,20.66318904014928,23.149704261181764,25.323883344018395,1.3196848509693078,3.2134396724103893,0,0.02629537692955505,0,1
91,1.5538846671567692,2.9630479555328479,4.8646466551280092,5.1545804412024845,3.520164242859785,5.4658188837188471,5.7715391937278335,7.712315654779875,6.6459732637613316,9.077345949181872,10.047591911561399,11.404153912801965,9.3640150427913227,14.98341218473267,14.915235365093839,18.013519118104089,11.91931148720518,18.081493947217592,14.820181583178682,13.94746965177295,19.20330232594333,21.485654855653639,23.194304715720961,19.896524676705013,1.222807010674773,3.3231175440537792,0,0.026249353841144497,0,1
92,1.9637169850323957,3.3185588574679503,6,6.2156399889239733,4.0736316340350998,5.9868895421165869,4.9587103278921765,9.0706567363903634,6.0852052158904959,7.6587860238226861,9.9247966097578555,11.501309911509674,6.6474055389014053,13.970058328634595,15.017719139402198,22.854374720054576,10.994814722628071,20.116024682874773,15.686039034017929,14.704954679774394,20.024502000155287,21.866854705600392,21.169261397899685,24.010680482326226,1.9025267403651498,1.7571617716027716,0,0.02612848565221712,0,1
93,0.55549485642308505,1.6512027625596117,2.6344647076043999,2.2379891523808295,4.16167402674842,3.9585177648406251,5.5006008170263661,6.2564699049998298,6.8449535792371554,10.234531010180438,7.1013304604062091,9.8896227721786669,10.832830287168925,14.610583085896486,10.657217110883014,12.670488232924841,15.635131945128892,13.47907228884999,18.351507620218172,16.81233180726824,17.329453076589427,19.293298796253275,20.871070717329182,17.017476674836576,0.28479789478097861,4.0455650474352218,0,0.026035872842458119,0,1
94,1.5482343677201804,3.8976862814723736,5.252329378140022,3.3719997260718615,3.9482082816592854,6.7345864472340278,6.9801708258560762,5.2410349768576072,6.0914159834678632,10.829179515173507,9.5817968753941418,12.141794041778256,8.7250208290770992,10.406912623951339,14.534279104676939,15.866571769442773,15.539859513396751,15.603420190947196,11.931482600289796,15.213963954003326,21.152802634843152,22.844231466709051,25.742915307788081,20.598510605046283,1.5219614637031775,2.8215756208443885,0,0.025772444482906245,0,1
95,1.6298037244815566,3.1194304702006384,4.9872606951490308,5.4304272207632147,4.0671282106167812,5.750320636261848,5.5203598098199009,7.5135645601765058,6.2840131804050436,9.0526318599844231,9.653446723219357,11.094610801744349,8.5465853307062005,13.995957904113018,14.135370754749324,18.68334467860188,12.763435086295742,18.01129393630768,14.956306599243835,13.546132740984545,17.379831841579435,21.223250759669664,22.725054555545938,22.324488086460587,1.4131038813125687,3.0432424635487147,0,0.025349228773884479,0,1
96,1.6579874337443505,3.861769369173067,5.3674642220209057,4.4726480483827489,4.1458368940292338,6.740936843471645,5.5129722809707804,6.5081072246036671,5.9012852807386649,9.0366859958598678,8.2111386438664233,12.886280017594297,8.1904361023277854,11.587169153642481,14.826568283867426,18.925875102125168,13.20408595939517,19.54696254605452,13.688597140238814,14.947218006759666,20.942882963969119,22.83194405388317,26.727520539503555,22.868707343428909,1.6325766368285397,2.5830169485156174,0,0.025211871215770489,0,1
97,0.022744786818886448,1.7316358736783555,1.5885262771130879,0,4.5337416366585197,4.1179957253276642,5.1755798267615161,5.8786561408045337,6.04611907717993,11.642761575841789,6.8019584749709665,8.8703032172107736,13.039729731946016,15.043861427022742,9.6506135036928367,11.283622611383473,17.75772693242034,11.346427812894381,15.073248052503509,16.533019701332453,16.455617528644513,17.127098407587418,20.988550115879097,11.908695353442262,1.5816496123559252,2.6807695472406601,0,0.025095193026125534,0,1
98,1.3022685437634933,3.3596915824566773,4.8326016920407682,2.6956832333596465,4.5533901564825419,6.2050827823064054,6.0831783741840182,7.24098590243117,6.1161325027346276,9.8757444694737924,10.029142063847749,10.514458295601781,10.504076395254817,13.872136485579611,14.325022863968949,17.201032815843242,14.883897094642421,17.337682380926079,14.359055326351072,14.852092450522205,17.490381466856174,20.969074151825001,23.841002437383832,18.252586718520018,1.0171028174429633,3.590008313874629,0,0.025076048925092371,0,1
99,1.4857970287249171,3.7208988062644868,5.3408813962358179,4.5839805848572572,4.1802646337812641,6.4705950429929455,5.7430786427946448,7.3484112602324263,6.1375162339637805,9.738841340066358,9.6081163206615372,11.711656193128078,9.0634152290663543,11.670503605502448,16.228881447887854,21.426823572426947,12.613013888404303,17.033874792451638,14.861071247363913,15.718289160224561,23.492827325328811,20.133695387677641,21.123164640669316,23.779769665500723,1.5786880980573905,2.7106666880423305,0,0.024783724911283056,0,1
100,2,3.9878555147519474,6,8,3.6918804051168141,6.4797498465102059,5.5861698967815308,6.6574596418430039,5.514096552338029,7.7926872804104352,9.1617970703110547,13.933726441648325,5.7204841376068281,11.068215600643263,16.74167778286515,22.652974075806569,12.628599961814198,18.62039857010781,10.272599232579926,15.238972892142037,24.798334742065439,25.883846506356335,28.69052401764031,26.110524000251605,2.1107251841465384,0.17218971662146795,0,0.024623274128045786,0,1
101,0,2.3707862423495953,1.6854217036881582,0,4.4163680467109003,5.4364295213318643,5.2103224901152227,5.9176711268317019,5.8881556816989713,11.821348621525033,7.2124091863154103,9.594975830866975,13.755544124277691,13.344602638448324,10.293164629601318,11.726199394748898,16.35775511043715,13.709026794560309,16.445250961828759,17.417946662370639,18.089768819329592,17.182152008495748,20.082530636271592,15.128905813226796,1.641805108772096,2.5539250280923951,0,0.024405111206658992,0,1
102,1.7642427512133645,2.7265351329120393,5.2490382033028506,5.5250879016715908,3.2775991417771064,4.2211024846051437,6.3543318057148825,5.9282635838085325,6.7211128692665367,9.6918124051206416,9.1688223031537728,11.913643928506191,8.2683218386625956,14.725682163559693,14.203969599844072,14.602631468228342,12.705404338622422,14.614596081912346,13.275151420752628,14.015333166234345,18.653669047512153,21.992708929564124,23.7695645454348,16.105868542924696,1.3924251203533899,3.0512430610373822,0,0.02435563390043842,0,1
103,0.60964672463945702,2.599674020776896,3.7410287160292475,0.88809301478520508,4.3922719734451681,4.8829081143978064,4.9051561167235063,5.6399642406764032,6.1149679085616819,11.132759529751786,5.9107879802799896,9.9667768038012206,9.7385563935960135,13.788670167928094,9.6958494904546448,12.64727431003687,15.641384734903692,14.563967239875272,15.930623010099019,15.735296093532778,16.321664762156207,18.052719013997859,22.954550446237437,17.939972583866727,0.70741528809009036,3.8576822527675039,0,0.03244384204864692,0,1
104,0.8118980267685223,2.2578021393649146,3.5276576509951165,3.6193993805717701,3.7197413921238422,4.957472633930216,5.4196291696168757,5.9254846540631432,7.4000309706954024,10.082775343128755,7.7753753604310756,11.859994019347905,8.8546900318979329,13.269473539872804,11.745240881438527,16.161911289223106,12.070922993498597,17.167306389690808,19.074163414401575,14.023887468864105,19.481774308027632,18.822952071076731,20.95568772975016,19.889988883511858,0.4303997698013946,3.9919581196696967,0,0.023841002520318351,0,1
105,1.8371700512787388,2.9670499528987011,5.6278772273107514,7.0363485636273122,3.7200478255633036,4.8753180772652147,5.3186726283335348,6.9321128286813458,6.7316836458042362,8.7346878801225198,8.7301136612785246,13.089807526402993,6.5454989461336339,12.867792731943451,14.865180498469236,20.054184254666055,10.940478993227478,18.222114172889302,15.811212345922236,14.468877703411808,22.680529295589348,20.97868309302989,23.042651649086544,23.957187384077272,1.8076547190971701,2.1427419460090249,0,0.023482670809028106,0,1
106,1.614864293032688,2.9392040076340518,4.8198614843930514,6.0934237293106612,3.3906400273468109,4.6793667754185018,5.0590049438996196,6.0051233253556466,7.4132920999312519,9.5663836914141456,6.6439894756404856,11.864886853035635,6.3461377720334102,12.657624558747626,11.967641191822326,18.881564957054174,11.13430395835263,18.60292177194097,16.443462705922055,11.805522553986997,21.002516698613306,18.209299429189052,23.861258908714696,25.881411185393144,1.3880459495415431,3.0892001695262303,0,0.023229495199854653,0,1
107,0.93912452959867054,3.3215708944850832,3.8211337030869927,0.29159662496980271,3.3455476730427334,5.4534512837499678,5.7898830485068666,5.6050899214693271,5.7109721796949584,11.439846416553376,7.4813133539249588,10.088367732577289,10.209744275947678,15.054459972000286,12.985586738312447,11.277884594031192,14.686060821381281,17.180006100362927,11.95585981040246,15.137144897493648,18.228281287779232,20.665353141412272,23.990967281310738,14.11914574000776,1.4303408623153406,2.9929112367669655,0,0.023018243318610059,0,1
108,1.9274262383773018,3.2598466325372977,5.8043744252242657,6.8741490181454337,3.6856073138473864,5.219008620628979,5.8768632086616979,6.4611137309147528,6.1573523947082958,8.7182604813157791,9.9542337625881263,13.614586953324221,6.6828724840095726,12.838062458780794,16.145627968262598,18.177190850234144,12.261664871142479,17.275243695459448,13.788244735082172,14.787496418802382,21.883373798443955,22.87336053307245,24.995261260516092,23.178936029635999,1.7756892734485874,2.2318049466053478,0,0.022182123584999457,0,1
109,1.9038008572833358,2.6554107900891037,5.2845723136704716,7.6469075811758325,3.4980666465687871,3.8686702118052931,5.8234163301547293,6.8737917884071846,6.1206690738038585,8.6190941012540527,9.0885495491263981,11.575752522379863,7.5561493585696686,14.428421386049427,15.499504753580636,19.236136799867474,13.491997482250119,15.609333417598043,12.750083514094333,13.783977951778276,21.125078776483814,22.357896484838164,24.765750698275792,22.225649411052235,1.772189820448802,2.2679452673350937,0,0.022094621150753328,0,1
110,1.4809474121393622,3.4825602256812132,5.5710832663219083,4.0211933868337297,4.5541522833120816,6.0085802258643977,5.513628747072099,7.7098326636643204,5.3746641163465414,9.9478224566822355,10.502552247856727,11.146622902744578,8.4746244464080256,13.554965724950041,14.389417623670719,18.888823840908866,14.196273393329902,18.112147059766873,11.524199864850306,14.921479370470589,18.307348862473233,22.0154539251727,22.884550072963567,20.594533888374265,1.4254622566842337,3.017465103077043,0,0.021474087562652226,0,1
111,1.2485699872417944,1.9540068625069393,3.9305269138511201,4.19657251493269,3.7182688956771246,3.8981827689471125,5.6419537765495402,6.5325140831741191,6.6918785825271199,10.354160560164173,8.6500205133786867,10.873968384193237,9.4738666253243267,14.472615932251902,11.921098265473981,13.706300751256745,13.977296300792807,13.355799660242534,17.382962249802194,14.933529235160139,16.808170148774817,18.933885740876537,19.011306554897889,18.829031076316344,0.67379445066161414,3.8687730718587479,0,0.021473254878418332,0,1
112,1.0643312416242861,2.4927851633437461,4.0650018601354017,4.1890356074464075,4.1364576583004311,4.764099042554089,4.6203713697682609,6.285859818918154,6.339627898102556,10.399722587015594,7.3946981024208087,10.92619820220097,7.928777477557956,14.53671917051693,11.743221938932848,14.689292112941905,13.552384870197383,16.274372070267226,15.305893951232736,14.713488818123819,18.401770170758173,19.250489725401547,20.365170819970619,19.842808227372007,0.72352362655159519,3.8255771055351335,0,0.029546036826724638,0,1
113,0,1.4639690628922821,1.3306607431373996,0,4.7603922100619167,3.9216789022127929,5.8743199691644596,5.2594734831783523,6.0348918104670153,11.719430856316645,6.3975884936280902,8.3113791261117314,13.22687058709643,13.922356377866613,8.4669386929457122,10.455338549975659,20.060431063160031,10.051187571621945,16.553951679096947,15.502009281866098,14.585055172786012,16.440264306045684,22.990194655119243,14.75869442925398,1.6183007512108123,2.6263156867335669,0,0.021375659726989491,0,1
114,1.7065943406842232,3.1782159220385684,5.0846980123002519,5.6043590068411016,3.9060930641618565,5.4903853432055385,5.8965864993379888,7.2032739223177584,6.0469564999236871,9.1646399954592006,10.383721808406737,12.010481903619588,8.8109021964120604,13.495047280287556,15.509864236461521,18.404680579654869,13.353851375864595,16.58104688306474,14.122611624164954,17.106712006859521,20.901525810817052,23.893401857011202,21.163146043322648,19.84908924917691,1.5349599053889202,2.8038805101175943,0,0.021228175980330555,0,1
115,1.907675021596329,3.2927478125001253,5.8750311805188646,5.5212109681998589,4.3028936698191629,5.2230813264379208,5.4476047129028577,7.3060377854139862,5.9039002823308513,9.3288047947809467,8.6698566574370037,10.976426306035005,7.6164820631293741,13.042489508401605,13.715731472779403,20.831276908098001,13.91024883396798,16.293637173966218,14.050747038449261,13.292724969558741,18.495568060828735,19.794854317938203,25.103701587875538,25.05365370288574,1.7522866633130652,2.2721409067552778,0,0.020057808305283618,0,1
116,1.2021355690837261,1.996539596673552,3.9611750595923749,4.5587210791109678,4.1010570005067635,4.5443554483881829,6.0015229653514508,6.8661030183927352,7.4809445692964731,9.956028058362584,10.009411301820526,11.496310273555189,8.7885171835522033,14.613018447930166,13.793126327432848,14.643969433641093,13.266942406162279,16.133919448068372,19.822051068669378,14.917504699850243,19.026703636310586,18.261002427808471,16.623884921153614,22.812852020934631,0.6811353640741431,3.8685968253272187,0,0.019925355364642496,0,1
117,1.9422879403696232,2.908126123038671,4.9934636883861412,8,3.256846789033438,4.893834969810519,6.4403782844287427,6.3640215489645966,7.4704038497864103,9.0318734544781645,9.6554235283863381,12.893115034857567,6.7073187999015564,12.492828591625845,15.73904395178989,19.357522051108319,11.545016689867627,17.093527908455123,15.805810522132514,11.695958854342816,20.827074946154166,21.294500175568977,23.66284429138517,25.892656310790183,1.8600835163819924,1.9168329859632895,0,0.018880714982009644,0,1
118,1.6892478294479087,3.6541403047886942,5.2236428066414637,4.6189109319277302,4.1021161704145612,6.9902871211772819,5.7819667228239382,7.3363324670619141,5.4305203185344952,8.9718214628622821,9.1216673816475691,10.51047443998096,9.4810641123954102,12.834209899108913,14.445588318140013,19.996615000735471,14.596142633147002,18.816025700556136,13.392041853817165,14.061181185941495,19.109116125784805,21.835753855011586,26.895938217660259,24.768440085608834,1.619051213659171,2.607932740766632,0,0.018192074052462169,0,1
119,1.8304447803829653,3.7104901824293099,5.4814224699776508,4.7885023955240591,3.8811405299717441,7.2387691044685125,7.2349511956506225,6.6425990720635717,6.1074417738915336,8.457470055045972,11.010058818469936,11.98710005087537,8.813533286033568,12.781315262062778,15.938713391741743,17.199309101557596,14.083258336933685,18.204473807085041,13.273117921614856,14.256430684946681,18.372699775267442,25.714636679280265,26.982020962138222,19.902802501649848,1.7434701600308571,2.2894627858429102,0,0.017614730602184808,0,1

