parameter,value,,,,,,,,,,,,,,,,,,,,,,,,,,,,,
function,WFG1,,,,,,,,,,,,,,,,,,,,,,,,,,,,,
dimension,24,,,,,,,,,,,,,,,,,,,,,,,,,,,,,
population_size,120,,,,,,,,,,,,,,,,,,,,,,,,,,,,,
max_generation,1000,,,,,,,,,,,,,,,,,,,,,,,,,,,,,
parent_size,25,,,,,,,,,,,,,,,,,,,,,,,,,,,,,
child_size,95,,,,,,,,,,,,,,,,,,,,,,,,,,,,,
seed,1782039784,,,,,,,,,,,,,,,,,,,,,,,,,,,,,
constraint,0,,,,,,,,,,,,,,,,,,,,,,,,,,,,,
mutation_rate,0,,,,,,,,,,,,,,,,,,,,,,,,,,,,,
learning_rate,0.004166667,,,,,,,,,,,,,,,,,,,,,,,,,,,,,
M,2,,,,,,,,,,,,,,,,,,,,,,,,,,,,,
k,4,,,,,,,,,,,,,,,,,,,,,,,,,,,,,
l,20,,,,,,,,,,,,,,,,,,,,,,,,,,,,,
,,,,,,,,,,,,,,,,,,,,,,,,,,,,,,
initial_population,,,,,,,,,,,,,,,,,,,,,,,,,,,,,,
index,x0,x1,x2,x3,x4,x5,x6,x7,x8,x9,x10,x11,x12,x13,x14,x15,x16,x17,x18,x19,x20,x21,x22,x23,f0,f1,rank,crowding_distance,constraint_violation,evaluated
0,1.966577377,0.819570517,2.362055055,0.041080538,8.271289968,2.965927524,11.50237319,5.425333419,13.38972793,3.829401711,6.052180741,22.06223292,8.827160145,18.18762231,6.027589599,3.527041163,23.82244134,32.29429867,24.48774169,33.39748603,30.81331308,6.410413218,27.90754929,46.04648362,2.822905686,1.06585697,0,0.560121181,0,1
1,1.947479413,0.540887554,0.212692975,7.801255853,0.796806684,0.802343036,10.57109942,14.3470803,12.78246111,8.681409418,6.459823283,3.720469495,6.033628965,8.503546939,23.25245244,12.1023328,3.771475418,18.40402169,28.63658635,14.14455201,16.43424571,23.14371886,6.836978262,19.17710694,2.883631939,0.983104651,0,0.225207199,0,1
2,0.149250851,0.673302707,0.828325331,3.850843559,7.152689801,3.512400901,13.83011079,15.96488342,10.64085055,5.334295874,5.438847689,3.700196235,6.011871348,24.81779262,19.27886968,3.735132516,13.62432189,17.69138074,10.28278513,18.43319969,30.69289746,17.73326232,9.558753446,17.34018003,2.880631407,0.989528064,0,0.240916778,0,1
3,0.518823822,2.342621719,0.153748751,2.102852806,4.81244353,3.990102972,9.532916187,11.31516126,2.646815708,16.46046348,8.382480523,19.56971292,5.312947808,26.07137182,1.825010141,0.58664156,23.84632538,2.329007581,21.99587201,34.12346402,24.34438183,4.382683631,12.98332261,12.38613456,2.87007726,1.014846729,0,0.23856666,0,1
4,1.076680455,0.328565721,0.466667698,0.207227965,1.558778662,1.966684299,9.121198974,4.023556406,0.775613539,4.487029579,9.332385251,8.902632654,15.07771394,12.65724989,27.74262009,9.184008272,1.363507137,33.41299995,34.84430111,8.159445138,40.48992879,12.04489793,43.90965245,43.86046626,2.814752856,1.074683609,0,0.418829334,0,1
5,1.320120027,0.604981006,1.064675293,4.645664596,5.027061932,7.005870231,10.5384527,11.58680158,3.286598753,12.37538121,16.7818209,14.10695243,11.20610617,11.68155802,21.05584789,12.50757262,20.54223223,19.42684795,11.19980931,2.991985214,37.74377686,11.21253321,29.44712842,17.61587177,2.903695598,0.982759496,0,0.201065602,0,1
6,0.817807011,2.268208404,3.948726384,0.241667947,7.923468191,6.071585421,11.72262079,7.300267532,13.33777444,17.31062464,21.70931648,8.906285532,14.64949298,22.27685164,9.775062921,24.56542675,23.38940723,25.206408,32.15200374,6.318102757,26.93966919,36.4607138,13.66715406,36.50223826,2.87813407,1.007084651,0,0.192321629,0,1
7,0.981541849,0.410465662,1.746315985,5.102451774,6.780930172,3.72231735,5.672039637,1.412435281,6.698064258,15.05027363,6.00147,10.07227625,12.30300894,27.30821401,28.38857754,6.773537593,18.65797634,11.54345744,25.34103032,12.9687693,38.13028235,13.69305556,14.01419084,19.93573076,2.904742302,0.977514367,0,0.194762362,0,1
8,0.139518138,1.758742956,0.083497671,6.892161905,5.076678911,4.66006355,9.067754693,2.284312372,11.53641714,17.48800126,0.017860793,11.22582004,8.846797359,24.78271718,25.51614637,17.45367411,29.79616011,18.41406809,1.412828471,32.04926476,38.53951144,33.11348981,45.50141511,20.69437097,2.876997811,1.009330428,0,0.123854317,0,1
9,0.674839431,2.370718365,0.385806103,0.377640894,2.645629546,1.948061183,13.02832441,3.623522228,17.12889716,17.03500419,21.9797424,12.72025602,20.79258113,23.2020007,20.14776903,19.37497545,32.85297454,24.15168411,16.88515427,18.63684867,29.14814407,40.10894304,11.71923115,45.32251474,2.848628651,1.037345026,0,0.565093906,0,1
10,0.606802025,2.471167146,3.104626516,0.107409017,0.57748298,2.054191347,6.130669675,15.5937466,13.73600812,16.77825057,11.80914971,7.708699901,13.08230853,16.28252428,1.166642087,4.893029488,30.54648357,29.91186774,6.833546128,13.81450625,37.61751291,12.14713293,23.37553896,36.55650867,2.85078821,1.022692434,0,0.203261209,0,1
11,0.411955806,0.510669242,5.853824909,0.0146125,7.03840278,7.858245924,0.762881849,3.856451357,9.97270547,11.50568648,2.66458526,0.21490017,20.07020254,26.34564408,7.673091348,25.86483298,7.259337497,25.88333085,26.39215926,14.00545743,26.4621889,7.875021114,45.43051965,4.398029663,2.79533824,1.091824075,0,inf,0,1
12,1.53533133,3.283224755,4.808915357,2.327583216,8.828187172,5.304545354,7.161233652,10.06388949,11.39781535,10.65882556,9.559514848,20.90573964,6.922927783,21.98915817,11.4843735,2.616117934,5.111902249,26.16027512,18.43997713,15.54397583,22.49553276,15.68222755,23.30066923,12.34218877,2.932179882,0.972366012,0,inf,0,1
13,0.114274858,0.093466067,0.578620303,3.70513278,3.234636226,0.308572321,7.796764584,11.55180782,10.75230755,7.179050287,7.51569863,10.96434284,3.241433809,20.77603599,15.86582766,14.88993188,0.624269355,20.09469942,33.54663042,23.71305196,36.9272858,1.908448115,13.91703491,36.5153431,2.854711428,1.018373891,0,0.206636405,0,1
14,1.607688428,0.915610109,1.510255501,6.355547721,5.829330604,9.03344617,6.218795546,7.346936928,7.069864652,17.89730793,5.80006877,0.953092481,12.42675527,22.14984012,13.36901592,11.58599731,13.4264899,29.98039558,12.28855291,13.85421325,28.81685491,28.99866826,12.02952875,39.16963328,2.919230706,0.973055178,0,0.243603658,0,1
15,0.794138742,1.857870955,3.060628391,0.726617483,0.407557314,4.944974088,4.589288346,8.23300398,4.362547454,6.377866572,6.315795813,8.799533857,4.771405401,7.183307952,1.039203428,14.16177717,16.24335293,2.067740339,8.540329962,12.98045769,18.74096896,34.5986923,34.52323448,2.392397257,2.889011582,0.98912196,1,0.167528425,0,1
16,0.582431704,2.414946493,0.516331674,2.887343954,5.804855108,4.525782044,12.94662577,2.4666231,13.36099278,15.66484965,20.33144721,10.78743635,15.55780119,25.47214257,29.43966886,15.71751124,31.04131045,17.42049045,12.92556224,12.69025396,16.41715836,40.88833557,7.299438488,13.25806125,2.891953352,0.988693077,1,0.271970442,0,1
17,0.621606821,0.191546061,0.550992548,6.883449596,3.363231078,10.22189979,4.423547305,5.026170828,9.925415794,7.946407517,13.56927469,0.72534763,15.24231984,6.078976062,13.37850308,4.158943999,15.57118951,17.7491241,16.10237242,8.845555309,28.88274501,43.05838085,12.98760353,3.238876654,2.885933382,0.993787224,1,0.486801761,0,1
18,0.807068356,2.164263689,3.231576327,1.244557309,6.324833666,8.131903933,7.239330546,9.318156331,4.635638199,14.54603966,17.91233539,14.26713994,4.37992625,20.94903648,29.90142164,15.98083801,0.093104441,12.04869531,6.356278764,18.50489661,22.05818209,22.3964246,18.30718349,30.04881303,2.907221327,0.985374478,1,0.327960635,0,1
19,1.836645452,0.244677928,2.192459553,4.733227613,3.36479427,10.07223617,5.602813651,13.95771732,7.477224978,3.109657214,14.00959718,9.309826585,21.66856812,11.98527998,12.676786,14.67624213,2.465478369,0.898834174,13.9676389,19.73635328,12.70307773,24.77817193,43.48298399,44.30319817,2.908638871,0.981347505,1,0.230176218,0,1
20,0.473627051,1.084654642,4.309610345,2.702238381,6.910878002,4.28384664,10.63182642,5.240372904,2.866704625,3.20069044,0.922227721,14.17824995,1.672558492,17.46922884,10.03971983,25.97552724,11.76951727,0.350132727,19.36741667,20.86904306,32.05308471,15.09136285,42.31963573,6.790388737,2.91645109,0.978889218,1,0.345289802,0,1
21,1.313281461,1.143591456,4.541447301,0.283383574,1.849598652,10.18145669,8.747116313,5.664916724,1.889824833,19.24453807,5.666281282,15.00494765,5.45535725,0.268563399,29.33434598,20.3533252,31.12596755,7.380978035,24.02341333,21.43987679,41.7673601,26.42513854,43.51471024,30.39356932,2.881939773,1.009510577,1,0.427191049,0,1
22,0.840085572,0.340718248,0.181887935,5.717484381,6.386965576,3.557953087,7.553939579,9.869210519,0.246122411,6.445744173,18.58198802,13.94694531,0.823501522,7.034054367,4.371700952,3.318394459,4.566372997,35.64228302,14.76404121,23.12552749,34.13821684,4.913161341,5.37225971,5.497915284,2.878314015,1.01092146,1,0.356379895,0,1
23,1.850602245,1.500880172,0.120870172,1.966782626,9.963564936,6.958239595,0.917940485,13.45210248,4.597823191,0.25462512,3.658963018,21.48210605,7.461083306,25.52135046,12.65416271,7.021201128,19.49672629,32.56638892,33.61640661,9.606926008,5.422017374,43.19423779,31.51212716,43.24912363,2.869776249,1.020691739,1,0.34394461,0,1
24,1.648068923,3.738132194,0.232046939,0.532027147,8.11141389,1.924895676,4.720445832,13.23798406,11.29887178,1.802596926,13.5656102,12.59410233,15.1712262,15.03188499,0.249612578,5.911892994,7.386746378,17.37424499,2.863791524,16.36866193,5.59665446,12.95580732,45.36571375,7.218539127,2.854873635,1.023269878,1,inf,0,1
25,1.176365775,1.206394836,3.738153757,0.167708453,8.057606803,11.68610595,3.563006869,8.745253635,13.67737164,12.10049244,10.17700518,3.503831829,18.92006985,8.177615296,26.69078807,16.25685672,8.584377938,3.0343537,5.187050153,3.329540937,39.74852074,22.30740967,40.31064981,0.497933099,2.866757149,1.021810159,1,0.212737062,0,1
26,1.086514195,2.19968122,2.994961592,3.907946893,5.997141839,11.11655049,7.939519004,13.4493859,0.39182014,14.4555331,3.72955122,8.634146744,17.33207097,14.63991053,5.230301218,11.81887436,8.70930358,14.44860988,16.12863305,37.66986182,11.00352219,21.68604669,41.02467692,35.01078709,2.934116209,0.977854027,1,0.254547011,0,1
27,1.481460435,1.368677131,3.618312272,7.684934093,1.178143361,2.849826945,13.15509046,7.411723381,8.192164565,3.240477251,11.10783395,12.05423424,12.87484639,10.2535862,16.92571887,6.405727242,22.83270287,25.60555615,26.9786491,14.3904716,34.05220806,31.56978457,28.50681836,18.06284975,2.947533314,0.973599877,1,inf,0,1
28,0.2807716,0.770087095,5.038954909,6.878810754,2.345688276,1.355137358,13.87868975,3.758964401,8.281188922,19.74238584,17.58968243,6.642264116,18.31414184,11.73683041,0.175986778,11.34124798,12.93880724,1.27034369,37.56363812,21.78572124,15.12553761,23.54551221,39.59880717,4.150645618,2.935760793,0.976596788,1,0.230448093,0,1
29,1.526187634,0.864740576,3.374674204,1.291102984,1.150514308,6.344135303,12.73791535,13.77701084,14.43818074,10.51575067,4.803349068,19.607388,14.51003386,27.06894401,12.91684135,12.33937323,29.62898549,18.7721597,21.55118094,9.966523722,24.31728085,43.97716062,24.29951236,14.75944976,2.903267351,0.988905958,2,0.567055115,0,1
30,1.220488635,0.501469332,0.354247326,7.778021445,7.983956599,11.67226711,10.38157931,15.40717349,4.913204266,19.40998786,0.818162252,7.332303477,22.75014767,14.91063395,0.783724506,15.97750823,32.63475388,24.57070199,37.34047375,12.60101637,5.683875129,16.01088693,39.6208412,11.24809,2.900658695,0.992841293,2,0.484341645,0,1
31,1.042975909,0.566995759,0.305009473,5.099625238,9.24412478,11.29929662,10.21796786,4.236541095,5.583011963,17.453273,6.242216862,11.55090215,2.163032643,9.10967692,18.24217909,0.808457402,11.20395265,30.95359897,35.36153536,29.39343679,26.50433397,33.25272247,21.72785191,10.9800986,2.887393648,0.998105494,2,inf,0,1
32,1.127886721,2.458142686,0.384928223,2.61601077,7.61376538,6.31877685,2.041579825,1.583486581,8.249048379,18.2859797,20.26234843,8.922036351,9.689620529,23.8992553,24.72500315,7.210930501,18.63222592,3.030251401,28.87559788,35.23389801,5.041055712,38.84388749,17.69173655,31.29253332,2.893982092,0.995605388,2,0.488442132,0,1
33,0.522162447,0.495495755,2.362956777,4.082155093,3.824009194,1.145269997,5.336501378,10.41889444,10.97112843,2.608777601,13.19464223,22.52406276,20.54992677,14.06655443,9.280482509,13.57026235,10.79993781,27.20358484,7.669812756,30.69063815,16.32041795,5.725880989,12.07676837,36.11704495,2.909373117,0.984173038,2,0.469125699,0,1
34,0.902682655,2.553643438,5.437240301,0.952498992,6.605138743,2.498106682,3.516404365,5.650497831,4.402924316,18.17052184,12.79795338,8.356073805,2.868910781,9.501410091,1.330697026,13.47407927,31.94247418,4.270333765,17.85923044,26.71130206,39.73083247,11.5440327,40.93926418,26.59729663,2.911815698,0.982246733,2,0.401262649,0,1
35,0.328722843,2.379471285,3.247529033,2.803747477,4.680220979,1.361616129,10.63359569,10.87301651,1.129605083,12.18934447,14.98876889,9.540749426,10.35405124,11.6396369,10.24995718,11.7505368,5.276744676,18.24377412,5.959113897,4.164449833,11.74727905,2.768941347,42.70383301,35.31816674,2.921652301,0.980376844,2,0.596784635,0,1
36,1.059556205,3.269125709,5.643844934,2.002532119,7.616250334,6.314677106,0.806148649,9.752046393,4.312006397,4.875431831,0.350696111,0.359795425,4.935442965,10.31945505,13.30252132,17.46635644,24.8496727,32.20531733,1.68222638,34.54505817,38.58027908,14.62525535,30.96035247,16.51273269,2.934916287,0.978451063,2,0.543240104,0,1
37,0.466936426,1.230436829,5.402866128,5.860149462,9.259492763,3.576308026,8.014391601,11.91749965,3.105689557,8.805357962,3.433989793,2.134327246,25.20768638,10.65055483,6.614584817,16.64589331,13.27071934,6.184793548,4.896774891,18.60348567,8.576175939,42.46855826,15.27196584,23.21479031,2.942732884,0.976941849,2,inf,0,1
38,1.147716149,2.81636273,4.340918442,0.545647749,9.394628127,8.779020151,1.472747482,9.940836556,8.15655332,9.105894691,8.240802485,14.45031318,0.398031589,10.61751557,25.37893768,24.988219,27.12697521,11.82135149,2.550974603,3.381044017,28.38731758,40.41032265,30.86995205,33.03699142,2.903278415,0.993297951,3,0.283348581,0,1
39,1.115595967,1.26073441,0.260105695,6.392262218,4.935113996,6.973002865,0.476653219,2.128665387,15.73236165,13.74736267,16.12061008,17.78963131,14.02418008,6.425263392,9.067934192,31.57924918,23.75844672,5.720016499,1.153268478,23.38294041,11.85059513,42.10122524,12.28007237,13.28495939,2.902878723,0.994707093,3,0.269961732,0,1
40,0.601009212,0.442937582,0.903655996,3.587309163,2.95971296,10.33020728,8.425303334,9.165538132,10.87413721,16.61894383,3.479513904,9.139813537,14.9706589,15.55313052,5.382498302,29.77107319,5.884613176,26.94796567,23.80651617,26.35942927,3.335955574,29.83852253,1.344019712,7.499027573,2.897045724,1.001177592,3,inf,0,1
41,0.510106541,0.054815196,3.922925782,3.855921366,5.919764051,1.283418953,8.269489076,3.711769621,11.44942586,19.95854479,0.982712544,0.439289079,6.894862556,19.19929622,24.00567832,16.52498296,1.867371037,1.108273372,32.07963921,23.84783338,26.9046347,35.59006006,7.97902181,17.91411454,2.898450598,0.997887465,3,0.365365867,0,1
42,1.774409162,2.869862113,3.805674859,0.710402702,8.175733071,8.012052828,10.9897342,9.559589296,5.40550726,16.68691545,21.09068807,6.478074486,6.744436,21.17740503,21.80810294,9.242873546,32.39363604,24.18523965,9.532829198,19.75378756,2.19728162,21.48824271,27.68485649,27.04156459,2.909707349,0.990540965,3,0.30655084,0,1
43,1.527962157,0.441280505,4.968635209,1.795907498,7.823095447,5.975699794,6.170015074,7.914757395,16.30602197,16.99633065,2.114706974,6.300847914,22.60215087,4.465999015,11.48321649,22.90667662,30.3754316,13.90017519,23.68307532,12.73645239,33.3958001,41.59469791,25.42223914,6.36257341,2.911621793,0.987836303,3,0.122761966,0,1
44,0.12302671,2.118461789,4.041556708,1.685145864,9.689153227,9.350162562,6.706639018,4.607418608,8.417158505,3.679125214,5.843571426,8.255263091,3.710139148,17.84754754,20.97288152,2.669750059,6.433337504,34.42851093,14.38297742,20.47631435,26.22978064,33.11823666,2.642282472,38.21498021,2.910368887,0.988680794,3,0.144524187,0,1
45,1.860742875,2.478060935,0.421707526,5.173211028,9.994504617,3.877245975,4.705187071,7.971073685,0.198480857,13.03570204,19.5432114,0.632807853,3.055702821,13.12344092,10.0774517,24.26883114,24.80614698,7.64581045,22.96079442,18.24451919,39.67330149,11.6159835,8.441526696,12.24304623,2.914035888,0.986112451,3,0.244884437,0,1
46,1.724160623,2.936403325,0.252907592,6.732536968,0.498094259,2.464458939,5.345779027,8.619529208,17.04505312,19.48884395,12.71132595,0.636085925,13.13343654,4.755529165,7.439913439,18.69056387,27.49540941,17.80208551,5.469775445,16.96196613,27.8295005,19.55305197,3.900921117,24.8260437,2.913901371,0.98708792,3,0.110802973,0,1
47,0.405156866,2.122416138,0.990180002,5.408867824,8.730493748,5.088576958,0.126955263,14.811993,17.72372673,5.646095115,14.42127356,1.049786685,11.68424673,10.40765959,20.75514918,24.23665331,13.93939256,21.0565353,12.94430343,18.84956679,34.24968355,4.089130168,25.58341247,34.26148487,2.916691678,0.982337466,3,0.472701605,0,1
48,1.868407022,2.501301179,1.440568313,4.405019244,2.898523455,10.97889106,9.5135109,6.212569494,9.184821141,0.743692046,3.898785019,5.286824277,21.92559799,27.88277378,6.048376418,10.15626043,14.07879546,25.68471953,22.26666308,20.74721631,32.66616394,17.17832781,4.028526454,11.35546511,2.931358878,0.981354177,3,0.351696628,0,1
49,1.716039736,2.202172591,3.846836444,2.855301222,9.356826823,4.359903545,6.486901114,11.7685527,8.580558894,0.863117898,19.99368906,10.56442488,19.58267791,26.90252281,13.57013668,0.729104402,7.962405164,31.24006343,26.47662997,7.661534426,33.53733909,25.6868175,13.68616677,17.89548647,2.936625623,0.98061036,3,0.109740232,0,1
50,0.929352857,1.168162858,4.632296947,3.809580778,0.637585617,10.73214891,6.558270536,15.87050151,1.69550673,14.1739321,11.06529472,0.440928252,11.42242149,6.081894463,22.79483302,0.908494384,3.986520791,26.98322133,5.896861548,13.0789421,22.31769847,10.50473263,34.79633713,17.61775954,2.936033284,0.981182126,3,0.113947034,0,1
51,1.308214479,3.489168141,1.401182149,5.626512554,3.854803457,3.903985617,7.777347733,15.37492861,6.925689063,0.449525466,2.855017652,11.36264845,13.34963057,14.77910815,22.41342266,9.577604452,9.076943951,28.13366645,21.18699006,10.16789066,6.823596167,25.1865292,37.90213243,19.89461082,2.937598807,0.979169755,3,0.25074368,0,1
52,1.262369367,3.975901821,1.820217657,6.181287365,5.954962083,10.74784955,5.561258169,2.859387443,4.663547943,5.452306536,18.76030643,18.55084536,19.31687528,6.53747351,28.79683971,11.76690108,5.710581175,17.40955024,13.66238625,24.09081188,20.06274284,35.87359358,3.474628157,30.92308986,2.945762849,0.978067227,3,0.433058951,0,1
53,0.952034862,2.853002428,4.358035641,7.484464994,7.373407015,2.696834464,7.09473598,12.85141565,6.211098633,16.15134136,7.641222198,6.052852828,23.61865489,10.20353278,22.38948158,13.96218468,17.94751578,6.786600877,10.59929189,6.021983425,36.15523386,35.634827,5.064830257,27.98700937,2.960929599,0.977567765,3,inf,0,1
54,0.098772964,1.736696426,0.686156231,5.794540864,7.419625625,10.86067757,10.16719426,8.765926656,1.653046129,11.48947776,18.56432104,7.722279434,22.7218985,25.63511374,1.375520916,27.17207425,15.91229116,10.52529054,22.85026383,12.26383927,28.20401132,1.252195741,31.66262491,34.29387114,2.907536889,0.993678314,4,0.369577376,0,1
55,1.712132266,3.262637355,0.148851696,5.556682442,1.11006456,5.476887442,8.842004545,0.992253076,5.815658714,0.047646972,2.679233522,5.904496058,8.136017877,17.51654437,23.524335,30.33918953,14.02242535,30.05012928,0.896564259,28.2653109,34.95921227,3.290403299,44.58259225,29.1990602,2.907066088,0.997320188,4,0.620051272,0,1
56,0.743535713,1.569206395,0.570703391,2.320372647,1.543077277,10.15641498,10.43635496,13.51633907,17.70797226,2.562789255,0.205096995,10.79513516,14.52225806,23.99876641,23.25876525,19.19117693,13.9681705,0.238616066,33.58404006,28.0399827,2.686916445,3.337752777,37.88359367,40.96025631,2.898133794,1.005714903,4,inf,0,1
57,1.34925625,0.940250449,0.4278764,7.327121029,3.621731284,3.554262628,12.6574529,3.110426156,4.069339987,15.38365826,18.16790824,11.34247385,0.721691482,5.17934998,0.028490307,14.38998822,31.31641813,19.32873006,29.14141038,26.8034192,12.86600726,33.53357956,14.97093227,43.56148549,2.910463202,0.988968711,4,0.369489288,0,1
58,0.913274379,0.068722091,5.65171551,5.050022551,2.627499436,5.350521808,7.162144331,6.749695391,16.72449116,3.301994139,6.389572967,2.158637368,25.11059764,11.21327403,5.91013183,22.55845529,8.067693606,30.83712973,3.843718791,10.60659472,30.51018312,14.6055795,31.29449079,39.02456761,2.914602651,0.987285533,4,0.273836874,0,1
59,1.68129248,0.66859896,3.064748781,3.408391433,4.031418692,10.88555382,13.59486388,3.095609905,6.602162698,7.558476984,1.889773922,11.90834399,6.648190546,0.955146887,24.66771367,15.95295334,33.62915089,17.71184565,16.93605719,32.10799887,28.51134171,8.722481371,19.0161861,36.57751365,2.922267233,0.98313885,4,0.209802307,0,1
60,0.477794838,1.855182363,5.031483413,2.050454498,0.080198525,5.759721344,6.149435289,5.720177992,15.77819886,7.603321616,18.09044569,13.41490967,4.046113262,23.32587062,15.24858453,22.62735949,9.085478072,19.9291404,24.14593391,17.31353125,22.79119632,33.79334471,11.99699319,44.28068024,2.923580147,0.982663676,4,0.32817156,0,1
61,1.281000011,2.591818659,1.345089681,2.727672902,4.65140126,8.056729849,11.84631658,8.750398349,4.681582521,1.872790701,20.64744569,9.983687818,13.56215602,18.55684157,24.84851583,2.439596615,8.916530684,22.727223,23.85175731,15.01754269,21.34364363,8.520956445,36.7910601,24.37906926,2.917124289,0.984990473,4,0.299421534,0,1
62,1.488660698,2.512897843,1.613633496,5.034112649,3.386709644,2.303675851,5.822502017,9.858505337,6.491223823,12.28297715,14.72060489,4.041212225,12.48234449,5.136852375,4.933731191,5.12865606,31.77478449,22.95394173,33.13097968,19.38533272,10.83875401,5.818482025,23.89935583,13.05326665,2.936008984,0.981442169,4,0.491363175,0,1
63,0.402903723,0.7795193,4.791810086,7.596818594,3.318055607,9.863148732,12.26326849,7.153158685,3.136700313,4.613748195,19.30731073,11.65276718,24.86456798,16.31361801,25.1921274,3.668817487,30.48106539,8.540705656,23.60139311,30.59702177,20.15295329,16.13655911,37.54886176,15.68564664,2.942785763,0.979392967,4,0.382866347,0,1
64,0.339085345,3.064138619,5.914880787,4.664935926,4.438616133,5.975195156,7.446074882,10.93469318,8.466710132,11.91819163,1.558070496,5.788675193,23.85735274,18.53836939,1.842099858,22.17126994,15.60694703,10.52316647,29.22091062,32.01453688,11.72144504,21.97590061,19.46049366,14.59255395,2.9497031,0.978216043,4,inf,0,1
65,1.083294744,1.871175238,0.259083357,6.660205843,7.776368121,0.582664488,6.133787121,1.342129578,8.532643613,9.914812138,17.97729412,16.70755287,2.921943626,23.08530086,9.249965711,28.76161449,17.29032097,27.37819169,1.306543283,38.61533445,8.002628935,37.41667758,36.64081389,37.67923839,2.91322945,0.997333688,5,inf,0,1
66,1.228298897,0.579422987,0.808514835,6.067641523,4.613620742,0.557044625,7.949459814,11.8732993,14.11387673,5.276822027,14.4655385,5.639414395,21.61983616,14.87123107,6.447341563,27.4019407,0.312798357,19.85838047,4.491728477,3.743300521,17.00014572,28.65088084,45.59645749,12.12417125,2.914104975,0.992268963,5,0.328010222,0,1
67,1.178019854,1.679600403,4.351123808,1.057436294,4.100465061,7.577345854,0.748952078,10.99076345,14.42949263,13.51777455,10.84066332,17.91261209,3.654873149,6.642422829,16.19432105,3.733835528,30.72037604,26.82564964,6.916254706,38.4910677,21.04700071,24.04928366,35.91587232,14.00269198,2.914617867,0.991704618,5,0.090632486,0,1
68,1.318838613,0.730434813,0.581945924,7.32697678,8.941460147,10.39721426,4.270038864,6.683434499,1.417049688,0.555526889,15.439246,21.58393222,9.374021553,8.332434973,18.79994738,2.218611136,22.41707529,4.323941833,8.610406743,31.6897573,10.19024296,38.30577923,41.36207513,34.69130661,2.915786436,0.991307864,5,0.413954649,0,1
69,1.876898212,1.736454526,0.902627607,6.85821845,9.392569891,11.34172682,6.693490493,11.14985935,14.14113623,13.36267316,7.917928068,4.300315069,4.480433892,2.970041711,2.059482395,15.57703611,1.467500058,14.54269852,4.745491486,37.74065265,6.162094503,7.117476878,17.69173295,31.18239837,2.931357841,0.98362501,5,0.483445367,0,1
70,1.464687156,2.624571423,1.680035897,2.792095971,2.929135133,3.246356243,0.633163698,12.62048045,15.82622638,10.37221389,15.17937351,8.518355804,20.55441874,1.260327231,15.6929871,19.01510211,3.264606858,23.69880665,12.0495607,1.779548956,10.06854081,32.20433388,38.25453713,22.96531119,2.923941839,0.984914895,5,0.296799535,0,1
71,0.550003197,3.722171169,4.931267502,1.089872435,5.544281046,11.75603458,8.124065411,10.48104119,3.738730441,19.66871229,18.14530043,21.17440064,5.560599099,11.07028582,23.33096941,14.23061563,18.24789478,33.3281128,30.64773253,32.49796936,27.07491704,15.99083383,12.20640745,0.685664091,2.919378264,0.985978069,5,0.478768152,0,1
72,1.81904804,3.169411564,0.472857229,5.704565585,3.350486021,10.94126661,5.343595235,8.177650487,9.160366951,15.16566482,8.298658489,14.39515865,20.13261735,5.05114507,9.138993338,9.852767833,7.368586252,4.383724234,4.897810421,30.51335421,34.1377365,19.76411175,35.78293132,2.868058252,2.922228781,0.985113568,5,0.165073429,0,1
73,0.532001055,0.739967719,3.569233728,6.831106241,6.029641521,1.012551425,6.232169991,1.436378398,4.551392557,18.47663971,12.90337294,20.08436006,17.7270833,15.29578226,10.09182034,25.65588035,25.06813205,30.93417078,33.15806109,19.42203571,25.97953063,33.18228398,32.0829521,17.65544109,2.937466943,0.98187443,5,0.273124386,0,1
74,0.362370502,3.257336555,3.375458287,3.931855573,7.621366581,4.130229085,4.433076324,10.50911225,14.79417367,10.3646208,10.44591836,20.91475003,0.589616348,24.41799291,9.745680197,30.92801583,1.885286792,17.98540862,29.43320723,20.58735646,30.89739626,19.62437376,21.29767772,32.91502102,2.938553566,0.98170337,5,0.368902193,0,1
75,0.239257576,1.740915093,5.794165423,6.053419833,9.484948842,11.4567812,1.883083157,1.237100174,2.504795652,0.219769643,4.464885547,7.888607773,3.694594496,25.5168505,9.479356805,27.77793531,22.70399171,12.66836018,26.63401893,2.979043454,22.00909655,23.30889183,38.11925928,26.40551488,2.947896688,0.979604327,5,0.500577421,0,1
76,1.342008213,2.884004408,4.346467532,4.880759634,3.14365687,6.192922546,0.518813271,0.462103897,8.078402608,9.910096176,0.106444716,6.280355442,2.755404843,14.81624175,4.751243495,20.1314691,15.61655752,20.11214438,9.811016519,24.85930857,17.89687662,10.22069187,13.46772702,38.010238,2.953770643,0.979110438,5,0.24061414,0,1
77,1.343473233,1.404859311,5.657207668,6.191398917,4.747615397,11.32121673,11.55955558,9.552612007,17.82123096,17.15439715,9.687798218,18.32038464,1.081919143,7.995080935,15.85440971,7.209999837,15.86856456,12.59421769,35.61460714,24.85964797,37.84290784,21.50463579,1.870216019,46.19428657,2.954940869,0.978234223,5,inf,0,1
78,1.34062097,1.371100511,3.06529133,1.319808088,4.478833853,5.197721771,11.5272016,12.21356733,5.948680116,1.909190055,1.861772404,3.838647273,16.01119808,6.82795818,13.07912586,3.707275332,24.76012521,3.783662175,33.18324976,39.16531506,8.418812273,3.255038113,36.12413338,45.57922472,2.915263294,0.996115225,6,inf,0,1
79,0.445667228,2.890628201,4.358753441,2.466643228,1.965620561,4.341046768,10.4755099,4.52129582,0.290908084,2.059763489,3.946883773,20.31307309,12.46375834,10.75923009,14.96935037,29.45149069,29.58553494,7.646074895,2.427113842,24.09055696,22.22158959,11.00322633,42.8256534,12.15889807,2.933301761,0.984294754,6,0.3859554,0,1
80,0.611313035,3.287785266,1.892182843,4.228383512,7.442314809,0.152870708,2.289915971,0.044036105,2.203192172,14.75340744,9.352677622,18.49904563,14.66683629,11.77621803,8.574105811,15.41531524,17.73005706,14.71959822,27.25912437,32.60665479,40.81055106,2.427502696,21.87886887,33.77062203,2.934503562,0.983958601,6,0.139655837,0,1
81,1.084933992,0.242186754,3.108557341,4.961115888,6.946813031,4.056986259,9.390378262,0.09092214,5.658707619,11.81167411,19.91942674,22.30659818,25.47121022,9.184350636,13.34581441,2.952826514,6.002023265,4.68065521,11.59757761,26.62598493,41.11508405,41.94964455,5.507473216,13.3489987,2.92085578,0.988247334,6,0.677876518,0,1
82,1.461656854,1.080450424,4.030145432,1.880912768,7.969329199,11.41567983,1.659782046,13.19526118,7.066453701,13.93255666,1.929812601,16.95274739,16.02756967,4.754598103,0.685184827,14.00032008,27.1746126,14.12377028,10.77625396,2.419955859,31.99759538,39.66084806,24.35101866,27.08528576,2.921430326,0.98780507,6,0.063267038,0,1
83,0.756482626,1.686339083,0.712862376,6.542170219,1.297226777,3.052887663,1.346429895,10.4465251,6.228130767,10.8517757,13.31619082,15.77019314,5.814185212,19.15695971,17.67905038,20.56689284,25.94296023,24.20080485,36.95595862,26.37996302,7.756834682,19.02628579,30.87842276,32.35518772,2.921634412,0.987557917,6,0.128441865,0,1
84,1.417542046,3.282204043,3.853346032,1.2305883,8.842621098,5.44070535,9.942843614,8.540917354,1.291276868,18.0809042,8.796496386,7.102561418,6.444182913,20.26694545,9.015220242,8.241089889,14.0961306,8.415023602,6.272382804,27.790134,29.26545956,33.86978278,36.44402668,5.535752092,2.922959003,0.986383348,6,0.176141851,0,1
85,1.304630941,1.200268856,1.243621884,5.122177215,3.246623993,9.382401657,1.062029041,12.85859698,6.882961196,2.2915568,8.958676773,19.79310278,23.8366465,11.35046657,27.51171151,3.619222219,31.43713231,7.923725299,37.77273391,2.703827238,17.02783894,37.10462712,18.88754448,10.09315507,2.923456047,0.985491595,6,0.401866682,0,1
86,0.831568051,2.07255671,4.626854844,2.826799331,7.791933609,4.965382486,7.495953632,2.652077156,6.536862326,10.04366106,2.524499658,17.46927756,23.84381941,16.33521012,23.63655124,14.48982039,21.12415204,3.809077802,24.49644101,4.640172437,29.59981713,26.51804123,25.9635529,23.6440656,2.937586128,0.983861805,6,0.143056381,0,1
87,1.394495271,1.899997487,5.60877011,2.924210196,7.501036693,4.684601822,13.36094529,15.12985952,3.820056261,14.49743619,15.22142916,16.86067359,0.488800137,26.9172687,5.86149195,25.10164245,0.138796148,15.47311869,25.01989678,10.16671246,26.17289804,18.8888409,15.50567054,6.700355181,2.942813106,0.981808309,6,0.59626478,0,1
88,1.140146616,3.892170701,2.668362676,3.054417507,2.379092934,5.468346961,4.12556073,11.27731651,15.35746039,14.55976865,11.63519595,19.31067141,2.17851472,1.343520954,28.48892391,14.20981453,20.26128691,22.39834582,23.85177464,10.51683046,20.54700051,19.73832241,8.207037375,32.05030543,2.938865866,0.983503912,6,0.265001735,0,1
89,0.404408623,2.840684405,3.803081725,6.92090654,1.685167991,5.235843736,7.833842341,0.010345808,2.471801001,8.959541321,21.19329682,10.08730058,11.16392579,27.65033215,19.75443615,22.49194535,21.86224723,32.0150779,8.850775429,21.37171722,14.92299064,0.931057524,0.077924472,11.11696146,2.953245833,0.979995016,6,inf,0,1
90,1.087540162,0.340578506,4.284807343,2.463763443,5.719870793,8.066222132,2.737559465,7.730090303,13.23996211,10.63573326,1.325076517,4.625065819,19.7038894,1.69657702,20.13749078,15.09857835,0.298378032,3.166300787,30.96764663,33.87290807,41.12665569,35.32263479,37.52940949,11.6559063,2.920022444,0.996578457,7,inf,0,1
91,0.746743529,0.96856075,1.765453587,7.655745139,2.057959747,0.272281061,11.67685801,0.589392057,4.013337717,7.405219107,7.203985655,4.076185591,25.87294686,3.475300743,5.403682236,25.701816,4.369237609,7.044879421,15.03957788,23.6408482,35.14803325,3.445920108,24.85062775,12.95591636,2.934460308,0.98430272,7,0.59582269,0,1
92,0.5718193,0.826953542,3.540603751,2.795612425,4.135450709,8.332131775,7.753153262,14.3665522,3.38418188,17.55513152,10.97699932,0.41631351,16.56917205,15.15159742,4.631886056,17.91954743,18.59659356,19.55536525,24.75030898,2.242812755,28.67637686,1.295522258,31.23777468,35.8848407,2.923221336,0.991795467,7,0.494641432,0,1
93,0.89836115,0.490496458,3.514073863,4.921203548,2.502838165,1.78897115,13.89786485,4.607840994,5.469098158,0.847974194,14.89641576,2.517591004,2.393430522,16.93094357,28.08909325,10.01024201,28.78237664,15.38236452,21.73991495,12.10799685,9.328109954,43.97434332,9.718397694,38.52338645,2.930017816,0.986124445,7,0.454082942,0,1
94,0.671675852,2.442790005,1.363832597,3.981642114,8.655077761,7.538313573,9.06564599,3.247740922,1.495698314,18.49400386,8.746842752,6.419114013,25.28393046,9.344638434,16.6273409,5.853321134,19.92639321,28.34006769,4.029444704,5.664038114,24.26225993,26.60955176,42.92640313,11.35703216,2.92573659,0.987652382,7,0.31137633,0,1
95,1.732786519,0.906016496,4.743027179,1.872299231,0.936028556,8.860592678,5.189363375,3.534127128,5.611362355,17.33298162,4.606170664,3.439629005,9.944127646,18.85803837,2.984296708,27.40699086,22.86327264,32.40488232,2.201212097,2.733353046,10.5715105,35.23388195,28.825418,24.3696498,2.924557238,0.988661729,7,0.12163684,0,1
96,1.566062882,0.121163723,3.796078462,5.554266991,0.559867894,11.33702704,13.21960479,9.306769409,0.815515081,14.08308763,18.58897878,3.808941097,13.3432439,0.65428732,8.709556348,22.65836284,19.72500115,27.00392566,22.96330569,17.17120577,20.6133288,37.1990095,33.56282449,37.49221374,2.92363003,0.990212717,7,0.205046188,0,1
97,1.687554452,1.418534578,1.028757756,4.674373351,8.130860307,4.326924155,7.582823812,4.645318833,15.79607207,3.442175518,4.892253995,23.10792844,19.65672791,7.029241059,27.25232453,31.76086548,3.912475082,34.03383899,23.97249443,17.54536501,10.18641851,42.24536891,37.8081799,14.18001307,2.924502034,0.989057666,7,0.121887042,0,1
98,0.992194191,2.819145311,4.227889468,4.545667529,2.449421307,9.038589927,12.36632657,10.71479238,4.269307697,3.444877502,13.19953679,15.18013918,23.89748745,19.31687958,28.46172628,9.156612406,26.77752684,12.72820277,36.66045435,24.37962319,20.29842603,34.21407654,28.68619292,0.187495773,2.952825472,0.98282134,7,0.375582629,0,1
99,1.547526817,2.035326863,5.047614346,3.144983179,8.580186836,0.757269119,4.238504792,10.14884526,4.7765378,15.19046545,2.818365664,9.097713977,19.27315096,0.691123853,29.5307369,20.9127579,5.669261158,19.45468885,26.21028591,38.35452653,31.04998801,38.97305481,15.25346787,25.70087611,2.946469048,0.984035524,7,0.612735475,0,1
100,0.854727042,1.150799019,5.954914211,6.23683537,4.453909526,1.449396603,3.268140227,8.274359133,16.30420026,5.063515364,17.7835841,17.45341541,16.46774111,8.613669739,12.40499484,7.907995215,22.79452125,28.62412874,19.08873095,10.26137058,28.89687925,9.897566783,30.7372986,28.79241673,2.953714225,0.981278575,7,0.220978322,0,1
101,1.238991061,2.896821676,4.645452379,4.768171779,1.527080949,6.595188353,10.62253554,3.072398993,4.603754665,16.47364136,14.11294074,23.52955179,12.9297878,26.34473475,3.747702372,26.34865646,19.42991251,18.61060906,6.250254115,30.74140482,15.81356373,12.5624701,24.23701647,23.56015849,2.955240884,0.980347889,7,inf,0,1
102,0.213871519,1.88074231,3.030529843,7.092555046,7.683893038,8.527688047,4.515155253,3.701222271,11.55660721,3.027423917,1.637122834,2.620247395,12.47059375,23.14394692,3.047042232,18.24645178,27.03035484,1.312555022,25.65508045,35.63419572,18.6432949,14.57279282,33.29615555,3.886078724,2.945059168,0.985259882,8,inf,0,1
103,0.10210655,3.579846921,2.409320244,5.456356368,9.154383618,1.316798074,8.347510679,4.225114647,17.6395605,18.04887138,15.79511999,22.63864577,16.21946842,21.04353581,16.68244518,13.60511351,1.836748417,23.36142284,19.4017738,24.60785374,2.472111181,40.7491185,0.772965363,19.0919116,2.938550988,0.9867751,8,1.205379876,0,1
104,0.636078126,1.010830403,1.259754726,7.46124303,5.750473534,1.300025346,13.02934805,1.873767176,8.452485325,10.02450918,13.04884843,11.48799079,19.54142583,16.05445541,23.14166838,16.0883456,30.25685003,23.43068945,23.90542351,3.380080303,24.57828573,35.04502015,23.34095441,10.46866578,2.929374165,0.987706542,8,1.413579181,0,1
105,1.579971563,1.450924508,1.452030349,3.474527635,7.65762966,10.09124499,1.694114389,12.05092797,17.69610034,19.22128885,18.24538377,14.48666412,0.643782264,27.85702516,4.41948458,2.784491448,17.84726279,17.11337093,18.66178904,15.32131134,0.600760583,31.87150612,1.637713957,32.10407568,2.92503344,0.991055769,8,inf,0,1
106,1.66366346,2.316492643,3.838117392,3.243738141,6.157403022,1.288422347,12.09730248,3.045714069,9.477584126,13.03987922,15.5817577,10.54750087,2.460700016,19.77979263,28.16298505,31.63215624,10.92831582,8.907017554,8.295856348,27.77445665,26.0125348,23.52588348,27.10611811,1.797169486,2.945265277,0.985347613,9,inf,0,1
107,0.459219529,0.611635347,2.149847196,6.877498386,8.892735747,7.131107917,7.181481799,12.68342821,16.11645545,12.7926552,16.79859949,12.7110335,5.511178008,27.82697539,23.38207028,16.62671976,16.87818185,4.864964359,1.169984385,15.62584881,7.456225252,3.465804614,6.901934539,8.620980423,2.929968962,0.98869429,9,inf,0,1
108,0.277014212,2.107749746,5.88062687,2.262923219,0.523554111,9.362848179,8.235080943,7.481867824,10.24980462,1.34585025,18.54219342,16.68418877,22.56010008,14.81790545,13.32455061,21.22509236,32.53117243,21.05848138,35.94458201,10.63719339,34.02884543,25.0795249,13.34237918,42.01337521,2.932894243,0.987711352,9,2,0,1
109,1.789142903,2.011758659,3.943863305,3.695911474,9.50818728,0.08431945,11.26453793,4.211255615,11.05687806,14.41072393,8.373847206,21.44142903,24.97748406,4.371858,11.57125176,18.67336285,4.777212949,30.51792813,2.248867675,34.69083882,2.599375991,8.499266433,41.02357336,12.00326998,2.94982219,0.987249582,10,1.132157962,0,1
110,0.231778175,1.725511239,5.875045241,5.663998365,1.142542034,1.984590933,8.968557569,11.18233087,15.428896,5.281807536,8.439439731,19.66881776,2.361012141,24.03308833,24.87815,18.71734101,4.475510189,19.1347001,21.07098564,10.81152597,0.666141183,34.37860971,21.21784311,41.19666997,2.952164328,0.985681825,10,inf,0,1
111,0.494394495,1.777354595,3.750062671,6.362894582,7.052440229,9.506212426,4.156436951,2.2559558,4.628551196,9.086788462,18.63706927,21.37898725,18.70803832,0.235466819,18.0203635,0.550385521,27.48360197,29.43460478,31.80387553,3.459418511,18.80203126,38.76808922,39.50600409,18.11135128,2.95191935,0.986028661,10,0.41319876,0,1
112,1.673607982,1.453809873,0.616874945,7.876682961,4.854864593,0.63933306,2.931799879,4.177331038,16.87884334,19.04074138,4.953670053,14.91081355,20.3250404,23.04557696,6.784465407,20.27087639,29.23037918,0.483696279,7.567511482,11.84617607,11.69278579,29.85695012,1.525952287,47.52325575,2.931199725,0.990882025,10,inf,0,1
113,0.49855712,1.071272919,5.834118755,3.076317733,2.453876483,9.387225863,9.67038019,10.60922086,15.27193371,3.857503962,10.99583002,15.45436208,24.81442175,25.68085613,7.251380964,22.19320651,26.29697696,35.56483054,27.77011239,32.2470163,22.09180608,25.28819746,27.33666783,22.03912615,2.936263058,0.988032618,10,1.477856664,0,1
114,1.622804517,1.594321137,4.492616333,1.864708269,4.270784378,11.05803488,0.825171248,2.631412285,11.2451987,2.81343002,6.123853009,23.00052762,24.24683399,21.0481983,13.49794448,23.08310093,26.06198591,28.32835484,5.289023603,39.58630022,30.39086848,12.70615506,30.93958434,35.46026886,2.9331993,0.99081148,10,0.789460056,0,1
115,0.526263825,3.286741275,3.836552871,5.778341517,5.088070257,7.91119846,0.556947409,11.32290378,8.099950789,17.65125259,2.87678504,3.852003254,22.11778156,10.79868777,6.893363685,15.39459479,23.56991261,27.2851469,0.749914474,7.845273458,33.87462375,42.09551869,43.52350017,13.49622653,2.958444351,0.986155089,11,inf,0,1
116,0.972261108,2.699887534,2.052454508,7.238925433,1.771708679,4.455043947,6.798328726,12.74791759,12.75376675,0.541412555,12.31883515,13.40087738,0.92059093,17.591374,24.26354043,12.54269593,5.539517309,29.05140622,5.632208693,35.13455918,7.146884924,43.1147514,45.02777124,24.59183901,2.954376221,0.986997091,11,1.306168117,0,1
117,1.743839897,0.774300786,2.822473541,7.784170249,2.691271362,11.3364351,12.46420429,5.227353512,11.53388256,1.524633521,5.301041483,20.68177904,22.25370814,14.06827771,12.80833641,27.34722696,26.66981168,27.73643675,37.28712771,11.90602585,0.917359818,33.50609584,40.66086909,37.96537024,2.951511495,0.988445361,11,1.409071753,0,1
118,1.756297665,2.214623232,2.816612895,3.541568134,0.997593894,7.033821625,4.974719735,13.70079055,14.27031224,19.46157561,9.789171271,23.63046211,0.762524766,2.772290389,2.908037217,7.662247786,31.36510532,32.42581078,3.501414245,25.86283154,9.463394314,36.94636859,25.87067784,30.85750537,2.944722853,0.989014665,11,inf,0,1
119,0.360374452,1.620577232,3.339290054,6.883019817,2.133106031,6.697597572,13.5743693,0.098447395,17.28699046,11.44167396,21.50716046,17.34784936,13.109069,16.14362485,1.302172592,24.29667615,1.080930799,20.45599568,27.49387356,1.231618319,29.20631971,30.92521205,5.444010225,39.39683925,2.953817286,0.991440667,12,inf,0,1
,,,,,,,,,,,,,,,,,,,,,,,,,,,,,,
final_population,,,,,,,,,,,,,,,,,,,,,,,,,,,,,,
index,x0,x1,x2,x3,x4,x5,x6,x7,x8,x9,x10,x11,x12,x13,x14,x15,x16,x17,x18,x19,x20,x21,x22,x23,f0,f1,rank,crowding_distance,constraint_violation,evaluated
0,0,0,0,0,0.870470546,4.915606793,0.061521688,5.699758226,7.774507914,9.590260454,22,13.69831075,11.97366866,23.26714762,13.39563092,13.62984182,10.12316777,3.826669346,13.16665341,0,31.1698945,16.47194423,44.40773102,11.71446337,0.97209961,4.97209961,0,inf,0,1
1,0.852603671,2.42310796,2.729004425,1.606377553,3.864886052,4.749935146,3.717426225,7.394403904,15.84330495,11.03709447,7.733610871,9.035215986,6.816556608,18.65039081,4.425062687,11.24480889,12.63413924,16.29127134,13.28178411,21.86247034,15.46431313,15.44805494,22.22122082,19.8033713,2.878634784,0.950619307,0,inf,0,1
2,0,0.918712643,0,0,5.400634691,5.529333797,0,3.795815502,10.02723344,6.533050794,14.21053076,7.462375202,9.005356693,28,13.9784342,11.76073273,12.86379716,12.70124505,28.71310033,2.046912393,34.67695316,44,23.11407623,13.9855446,1.060652884,4.168444308,0,0.182395067,0,1
3,1.999737462,0,0,0,3.756192124,7.460616598,6.624617051,12.46032375,13.5014369,0,12.35064028,7.587342287,9.545919899,9.516627253,7.982807863,22.20617675,1.08358394,10.87495164,0,2.816691153,15.87662796,14.05848029,46,18.11971694,0.99541358,4.570792491,0,0.149367966,0,1
4,0,0,0,0.000769612,0,12,13.96153136,0,13.06011027,0,9.756157151,0,26,0,0,32,0,2.077187937,14.56562287,0,42,0,46,0,1.260885813,3.556081495,0,0.12586653,0,1
5,0,0.005719371,0,0.035757237,0,2.628438188,4.114370672,3.776464702,17.6352883,20,14.1026916,5.599419413,20.50852182,28,0,0,33.71057716,1.920732945,25.07868389,11.39122199,42,44,22.35019535,0,1.655045807,2.740722412,0,0.120294347,0,1
6,2,0,0,8,7.617183326,12,10.21624532,12.01267498,7.04948175,4.86671169,13.95957026,10.11086875,5.50985527,11.62100258,11.91078554,13.3322566,0,15.11974971,13.49125968,13.93411786,17.07886588,0,46,34.00754022,1.552855428,2.96706899,0,0.117149953,0,1
7,0,0.07217186,1.082773999,0.047475799,1.274239852,3.526356497,0.308256193,0,9.920766136,5.362435478,11.26111586,1.587341258,7.914688175,28,10.72093804,6.119303486,20.49874031,15.28875279,32.30061511,13.21355799,35.80543728,41.53775996,33.38487601,40.54275659,2.469018497,1.752496246,0,0.113149551,0,1
8,0.058097829,0,0,0,0,6.373300319,6.183893124,6.155309686,2.136549954,7.039435644,16.44237936,6.874860306,9.174822269,20.51041293,16.36085979,16.60345082,6.411135447,9.043463339,20.64540663,0,14.99632426,30.93640557,46,26.52189896,0.992685508,4.625760137,0,0.112019345,0,1
9,0.418092273,0,1.968689069,2.307701803,8.013124037,7.198284317,10.60420529,8.236764735,6.223870833,15.18827085,13.65930451,16.95836554,4.358161574,14.31866896,13.47219463,14.55030444,13.95057987,13.00053856,19.53384609,14.6708525,15.15418673,13.85010034,43.46719225,16.37822315,2.284325595,1.765174695,0,0.108109511,0,1
10,1.957110619,4,0,0,7.429662606,3.340294956,7.346720416,11.78615275,11.70526606,16.24853406,13.97485744,23.89008032,10.00279611,10.3058556,25.03425121,12.57799693,16.51044561,12.68895776,3.078307822,14.90709869,16.11426458,19.43938486,26.46994228,8.036335481,1.183928493,3.766350133,0,0.102355494,0,1
11,0.043452908,0,1.179405753,0.00025523,0,2.074122213,1.232631211,7.109174675,11.87161742,3.452805538,17.351374,0,26,28,4.502828668,9.222817398,14.21558878,2.696571827,18.31263406,16.1785047,32.40655434,25.32297028,46,16.76824308,2.090601133,2.110168631,0,0.084897639,0,1
12,0.612279702,3.889278577,2.80386399,0,10,0,3.367038268,7.616981866,18,20,7.621585842,24,11.09718274,14.78124101,13.1331344,11.18696047,10.48308617,16.95227222,14.48578231,33.56726946,14.42208518,19.36312581,18.26872313,16.45645335,1.763454571,2.556922607,0,0.083586381,0,1
13,2,0.840501374,0.988840279,0.000335306,1.037109398,7.871881921,8.438073394,16,14.08820195,8.627731372,0,0,9.419239406,0,0,1.745778109,13.88224748,32.84062082,21.07316734,38.67749371,13.57405838,0,46,30.18040012,2.703563868,1.303835543,0,0.077545478,0,1
14,0,0,5.084002377,0.001321497,3.154642151,0,5.310395071,2.733057894,0,7.899432671,12.28690179,15.21511831,26,17.7899315,22.63602555,17.66708464,14.67208405,13.43573343,21.9069275,21.13868631,39.88717696,0.354371654,46,29.8123012,1.896521554,2.554514337,0,0.077051601,0,1
15,1.053906276,0,0.007317732,0.064318564,4.230582737,4.933620513,4.745478702,6.799827694,9.479132896,19.91695156,4.585573595,7.975603494,0,11.99884766,4.074585619,15.82619369,0.457895043,4.711568913,21.25497184,12.11957776,33.96470001,14.12286747,39.81372987,14.69344524,2.136359516,1.99072301,0,0.0761298,0,1
16,0.004785509,0,0,0.00567747,0,11.2554609,0,11.84536072,4.662665021,0.929503578,10.60109169,1.273269894,3.100578071,20.93238237,0,15.27201956,6.71832659,4.438687355,16.31580425,1.939502262,40.76659287,6.939927921,46,22.67778044,1.435547958,3.361505268,0,0.067784026,0,1
17,1.044578061,0,1.283020871,0,6.544291677,1.75647904,4.90647527,7.496507538,14.47384879,6.205603669,12.71475951,7.224158213,14.74356836,21.44258578,10.80527903,10.45194347,4.513091705,10.00373768,16.58253369,13.97996687,19.07928779,20.85908626,33.21179608,26.79073389,1.325677604,3.363444776,0,0.067161536,0,1
18,0,0,0.000329903,0,4.085050653,5.464232748,3.221929588,4.78912789,9.720189321,11.716089,10.13643356,9.800376247,0,6.50420009,2.475469852,21.78789051,0,2.851108667,20.85729116,0.492367066,30.57228343,20.54627203,46,21.83695452,1.13092008,4.123120007,0,0.056934079,0,1
19,0,4,6,8,8.077696606,0,9.366848954,3.319646113,7.692389233,20,4.283896967,24,18.10353409,15.2692431,3.053561112,10.42856591,6.554366961,31.70589653,9.51009624,40,15.53724658,15.54621386,0,41.59989551,2.664423047,1.377291977,0,0.047958595,0,1
20,1.184757516,2.565704099,2.501830803,0.000582929,9.172128523,2.137288514,5.090732234,11.88860429,4.617054398,12.238725,9.684362321,20.83387084,9.414178755,12.44010124,17.25491545,11.77748913,12.9486888,15.42101347,19.64632712,18.8050271,10.55479338,19.17526981,36.57725438,29.351831,2.725918034,1.195156568,0,0.045021828,0,1
21,1.799271532,4,0,8,1.778528937,0.39617069,5.871975648,9.750737225,14.07023691,11.14600123,12.29454494,10.57362878,12.62556866,12.59927663,12.88853709,7.171229607,8.581088181,33.35484482,12.15734348,23.57707642,27.49672177,13.91149911,16.91650137,17.93224013,2.059271485,2.169534371,0,0.041288393,0,1
22,0.720713528,0,0.000826863,0,0.676015339,3.810327575,5.626048861,12.77919707,0,0,14.78984449,10.08184678,3.652124374,0,30,22.68933566,0,9.064985586,9.618923024,0,28.35990382,13.87963664,46,44.68560813,1.280158751,3.46316014,0,0.037108246,0,1
23,2,2.769680561,0.000732442,0,6.175313659,10.11907285,3.778792959,11.68188793,18,2.997713101,3.826759699,8.036541013,0.958743912,21.27463094,0,6.785021839,9.664123518,29.84407,0.330449547,14.03095294,21.66779893,27.14451502,8.957381974,25.60407544,1.675765361,2.653386369,0,0.035652974,0,1
24,0.618987714,0.155506901,0.001625313,0,10,4.423827442,0.045237488,6.290481071,8.105543195,6.679899126,7.808411697,13.99858909,5.180214705,19.78246574,7.627777378,15.23566,0,15.55623454,26.42588042,8.357644813,35.46354568,35.21928398,37.32238924,30.18020019,1.655340335,2.699480435,0,0.032585035,0,1
25,0,0,0.065513393,0,0.323510896,0,0,4.522070492,6.177598715,19.59430099,12.40782943,17.44271395,9.79783959,15.82747159,12.73617687,23.09272069,1.858326301,7.65377338,26.75023804,3.779936027,42,17.87598785,44.15733429,16.43673072,1.159641044,3.973373289,0,0.031426876,0,1
26,2,0,0.133395423,0.013133662,0,0,14,4.206819159,0,1.136776621,0,17.88871847,15.52884093,0,25.42484232,28.91851686,16.69612578,19.50474068,36.46397424,0,0,8.364398921,46,48,2.169779189,1.971025479,0,0.031187081,0,1
27,0,0,0.309394208,0,0,6.440923372,6.491470047,3.209029877,6.213743491,4.698018642,17.96565817,8.819422704,12.8173445,15.70430622,16.59574652,12.31909852,16.06338136,12.33766677,13.97900005,0,27.81198625,22.83314141,37.36961146,18.41561226,1.160700709,3.901526431,0,0.030358576,0,1
28,0,0.339395364,1.258625495,0.048013798,5.749876268,7.25742152,4.197364436,2.869948186,5.597008662,10.33858655,10.38273713,15.43733215,0,20.54337244,5.764424591,9.931401216,24.70503903,23.39612508,10.01121737,15.05040644,40.42350123,29.07219475,21.16461922,17.18530888,2.482025187,1.727156417,0,0.029633342,0,1
29,0,0.101254968,1.957505784,0.162275651,6.258415162,5.25889904,0,6.011749361,7.120210484,11.7904549,8.013167124,20.93749267,7.370277787,28,9.562469111,10.52411445,21.49117237,13.17749372,28.43958932,6.625263626,38.62073279,44,16.52945464,10.85840126,2.501170427,1.701144842,0,0.029378612,0,1
30,0.560268063,1.451626521,0,0.025248761,2.172074576,0,7.947587236,5.184624734,12.62975848,15.39521596,17.86428571,20.02380606,0,11.38016186,24.05843955,16.00551503,9.196440308,13.7412767,21.75475214,12.57605959,23.1461737,13.90076634,29.34478213,13.51255699,1.929473256,2.502061782,0,0.027098616,0,1
31,0.610564327,1.309343547,0.009656797,0,6.634761729,1.992025385,3.415298412,2.605797498,13.32566289,14.39236148,10.4540297,11.34434474,0,26.89630652,7.688615092,6.799850621,19.23358,12.50269107,20.99205825,14.08808238,22.8905619,42.47609028,16.07355175,21.53001565,1.681424876,2.611123175,0,0.026144468,0,1
32,1.271893292,1.915956593,0.162437072,1.062763149,5.012476846,3.868211316,3.385407753,6.327750115,11.98949775,10.83279137,12.30937003,8.028518278,8.760216567,17.64677329,14.97688384,16.83857734,11.234194,13.23048219,20.00056671,14.46284395,25.36741166,16.59228886,34.34931365,17.36577097,2.831420882,0.999131133,0,0.025445737,0,1
33,1.471193102,2.485083627,0,0,5.64954652,5.798505703,3.684686266,11.0803049,12.42019816,7.019630768,13.43183246,10.44387035,12.47887119,13.36252573,12.77128149,14.62877713,4.48519496,14.83277251,12.78426785,14.32559992,14.77491205,23.24853881,39.4402888,17.45213236,1.169663548,3.775285745,0,0.02539612,0,1
34,0.982510691,0,0.161902874,0.451294642,2.50715044,4.546097008,7.621068817,6.17227155,11.51630878,6.51118186,12.59347652,9.65982947,0,14.79197818,17.3717957,11.8094673,12.11278658,16.91974161,19.82608082,0.503629749,14.04684237,25.62181391,39.36418294,29.86349146,2.219380088,1.822411831,0,0.024473339,0,1
35,1.035083012,0,0,0.01001053,0.520055467,10.96554682,6.368360915,10.23912503,6.589657707,0,15.66582303,0,11.93198712,11.34749178,10.69195568,19.4722938,0,6.081349653,14.57121433,0.20495808,42,4.508955892,46,25.14608719,1.456300001,3.312517048,0,0.024430587,0,1
36,0,0,1.289042209,0,2.95576417,5.64115463,5.10077593,5.651983621,5.747748196,8.9889751,13.4224767,8.425515333,8.412856564,18.23100883,11.17102753,15.00491109,13.19289987,11.07641901,17.37819267,9.131304911,31.91873235,12.53919027,45.55552853,14.13021973,1.168100112,3.83509311,0,0.024155715,0,1
37,0,0.513399434,2.095628497,0.897705164,5.273619572,3.398096153,6.803125857,0,9.144200167,15.99332885,10.85227668,8.809696986,2.412477591,16.13683707,13.96797761,17.96642251,16.89077999,12.59228549,19.72659531,15.71318538,39.48997658,22.67438041,32.86545012,6.994514139,2.560240261,1.602037517,0,0.023884307,0,1
38,0,0.49042981,0.022853668,0,4.144333353,3.476212656,3.236961496,8.081990869,2.811960959,5.927694455,8.723811216,19.01182853,9.569094253,14.22196378,14.50272006,23.3897933,13.3470309,7.084223635,12.6891849,14.70004713,25.604737,17.05580574,45.13165876,9.661166439,1.468062467,3.248272781,0,0.023743895,0,1
39,2,1.755197222,0,0.006475447,2.567730747,5.730421642,4.902932421,15.96455579,17.87915695,0,3.468309734,0,0,0,6.65821355,13.86896833,0,18.9404144,19.79512759,14.80238116,5.607352311,11.23766546,43.82511891,42.26008087,1.919173026,2.531340523,0,0.023669089,0,1
40,0.65765866,0,1.590605588,0.201043852,2.479255968,4.22565352,6.030070603,10.09250084,2.185436914,2.223473551,11.09093914,8.853657432,20.87660244,19.67486251,14.00947582,11.69439161,12.250844,11.86883699,14.16195976,10.95511502,22.96086241,14.00874275,46,29.36301122,2.233017367,1.799618373,0,0.023531942,0,1
41,2,1.197863086,0,3.525898989,3.127246744,5.797644892,8.510532171,9.222859664,10.25621556,0,9.166390833,5.392269878,1.777243266,9.157499427,14.37136545,11.20262864,7.339540238,20.54908998,14.5497232,12.28598056,14.93299153,16.21790242,35.95483461,28.088271,2.019502748,2.248072427,0,0.023484974,0,1
42,0,0,0.011136575,0,3.249492714,5.694182467,8.434060225,1.427379763,10.10845857,8.681026943,20.25236645,0.457289854,11.50570258,23.14306832,8.942576104,17.67004988,12.90937578,10.44275569,10.41399447,9.434238729,25.64797478,0.172210434,46,12.04924975,1.14893917,4.034839088,0,0.02342493,0,1
43,0,0.664996338,1.234763187,0.745348434,4.281687047,0.182936706,0.777852853,0,10.68308855,17.08804863,10.34416777,12.9332887,7.487660239,26.94569146,11.0239236,15.42109014,14.74223762,6.967519932,24.84474957,19.42411898,42,42.7526871,16.15045664,17.1409419,2.546099697,1.61986648,0,0.023376221,0,1
44,0.749352866,0.636169737,0.013550356,0.660848291,6.115112063,6.919992858,2.1488065,5.488916084,12.49617793,5.317796877,9.061710696,6.089154914,10.34392805,27.94110964,5.561398932,9.532646566,11.07183287,19.91448337,17.31436961,4.860671294,27.63325667,20.86896189,28.40880965,20.00710774,2.775066556,1.108194793,0,0.023333164,0,1
45,1.244045164,0,0,0.003797424,0,9.83805365,7.642416132,5.350697775,12.42996903,6.203406158,8.994072278,0,0,20.95285145,0.087080164,5.465924007,16.49608469,11.22816007,14.26587817,0,28.62178158,43.23820219,14.98876265,15.72415365,1.43900676,3.329899362,0,0.023066328,0,1
46,1.492246697,2.53378767,0,3.303755494,0,4.002782704,8.396222815,4.084048265,10.86732638,1.322587158,10.02014689,3.379576216,2.028644462,10.91102184,6.037470839,4.090262579,12.83352361,30.52844286,13.77224013,18.75535416,27.28983297,19.87805137,13.54231533,34.55851785,2.038880189,2.247887106,0,0.022992626,0,1
47,0.23836715,0.873248677,2.909092919,0.008055528,8.275817392,6.423110875,5.365614967,4.917161013,7.092172926,11.78549714,13.27441242,14.54020247,8.560163929,20.43242516,12.94480287,11.74025623,15.63304335,12.7023718,15.60645216,11.83588002,31.28644212,26.06446655,37.20127274,13.96534537,2.758606403,1.118359947,0,0.022658094,0,1
48,0.608798886,0,0,0.111370534,2.125391285,11.32072724,8.878045607,7.262285162,5.908977537,0,10.84752574,7.47066503,0,5.919919011,10.49370153,16.22380896,7.125926743,10.6520278,13.97893686,0,29.64671859,19.20673398,46,27.23853848,1.481429144,3.22564874,0,0.022608765,0,1
49,0,0,0.001838718,0,0,0.513837879,5.353228264,3.623258935,0,0,20.60313546,13.78088039,0.049321975,8.507483357,18.61680017,28.08121841,0,0,12.7240847,0,42,44,41.00303084,30.35369796,1.147155755,4.093541338,0,0.022596005,0,1
50,0,1.248212815,5.551061939,6.221988845,8.115355824,2.922273407,10.03528116,6.02866925,5.450129495,17.35878944,13.17132834,20.6315514,14.5510955,16.08476193,9.951861402,9.584171799,21.95490358,13.01504217,22.27485128,32.03296733,41.77972788,15.52911148,21.65159848,16.6639997,2.628752934,1.419939525,0,0.022553972,0,1
51,0,1.130229097,0.876643566,0.453845496,1.232782822,0,2.646973872,6.236051555,7.413066105,18.32694466,10.7125646,13.13214485,7.577271211,14.16109661,10.34367751,14.94449381,10.96135665,14.48424019,23.0108421,19.91195364,25.02715613,14.53733916,27.04755371,18.36530821,2.533220357,1.639051084,0,0.022543012,0,1
52,2,0.198740659,0,0.315586586,4.548411696,5.658240408,5.67391254,4.416116421,18,9.823567691,10.10803841,0,0,19.22425068,5.605742497,12.7364334,9.210124209,11.6383898,16.10542102,9.19887536,23.07093959,40.31695993,21.66148302,17.18545045,1.961331425,2.433635732,0,0.02243918,0,1
53,0.952853264,0,0,0.023466636,8.969157268,7.838070271,3.231383149,10.03524936,0,0,6.42027146,10.41601184,8.98124879,19.6531922,15.82891371,21.38050443,2.922575041,17.71153019,23.00970366,8.187830392,15.99332496,15.95592241,46,38.23680657,1.463388828,3.283081664,0,0.02214483,0,1
54,0.822179352,0.371627901,0,0.121198614,0.69181257,5.928234234,2.419269964,9.424016352,4.521227925,0,9.30700971,7.715255785,11.22812702,11.96171999,10.52367513,14.6850407,7.284138345,17.21380134,11.8899665,10.19689151,28.80104918,15.32561204,46,26.6769041,1.937866504,2.461794375,0,0.021719662,0,1
55,0,0.205224327,0.647580375,0,6.832338747,0,1.209437666,0,6.555063742,17.09002524,9.710984945,11.45206962,9.176548747,22.88108314,20.72686222,17.2604123,12.70377317,11.52563115,25.12392292,14.41897676,37.12579482,29.15644295,34.46596239,19.58364509,1.501491579,3.156562652,0,0.021700997,0,1
56,1.811135991,3.253629776,0.741387366,0.645656258,5.402139018,2.819159394,12.9543712,4.380020073,14.43472887,12.93828184,9.799367332,5.618228876,6.376997322,12.14592153,9.328776199,11.2103232,13.67151864,12.31778033,8.791067503,40,17.56014942,14.25997454,36.77131014,17.02423818,2.855533258,0.981295343,0,0.021544827,0,1
57,1.325699487,2.514904864,1.549840171,0.002682603,7.010968044,5.576458294,5.817529051,9.973160973,10.68251195,9.595517905,8.022236705,9.710819684,9.380024954,13.71128844,1.370820495,14.465401,9.669914377,20.28147345,10.54452243,22.98771653,21.93357388,17.29613162,36.16227072,18.98170177,2.748522673,1.143324501,0,0.021505965,0,1
58,0,1.562129458,3.695402177,5.063811029,6.837956186,0.934607206,7.74204624,6.271115687,3.173635621,13.05943804,12.29700381,14.8632778,11.39977578,19.34067148,13.73998698,11.21926029,18.92146577,12.092177,16.79307337,28.94241495,25.67881844,16.64423284,22.94536927,19.44798483,2.619615112,1.445669534,0,0.021451703,0,1
59,0,0,0.446384432,3.785053348,4.007334102,7.005467077,3.398449416,6.527426753,0.915297489,6.134388473,13.01933618,6.415949842,8.893758479,26.25476687,12.05338879,14.30572961,13.34085123,14.11139922,17.71811663,7.918769902,14.5679475,12.59413523,39.17353924,22.60149158,1.997864727,2.327492201,0,0.021321542,0,1
60,0,0.549941141,0.93258935,0.257564292,4.45455445,5.223250665,2.430759536,3.545008202,7.751267966,8.083240055,14.84930957,6.993973518,13.47248243,28,6.644018493,11.90321342,14.45823576,12.64281321,15.46684897,9.924108893,27.50744193,26.19730036,35.58614142,17.46225692,2.511545796,1.671279123,0,0.021233971,0,1
61,0.577675931,0.901696996,0.47441843,0.301693712,5.047783819,6.215807368,6.405346626,8.165943519,1.891218897,7.982896177,9.08208902,14.4150715,0,9.540462305,13.20283687,19.61080664,11.51825053,12.33102556,12.23578522,14.52511699,22.26607736,12.89050757,46,17.5883678,2.807894799,1.027281573,0,0.021224686,0,1
62,0.797453047,1.006795085,0.593967088,0.060122662,0,4.377487097,5.540267635,6.800668329,10.49427538,5.866206155,11.66780306,8.238417505,13.4611362,15.3499561,17.51608748,11.96094878,15.52566473,19.03153975,11.59979012,5.523811799,25.98695854,15.48365852,40.82476409,20.46383163,2.781611044,1.073050086,0,0.021038043,0,1
63,1.453653227,0.000801009,0,0,0,7.961292337,5.709511121,11.01169032,5.525935058,0,5.190239966,0,0,3.937762925,0,15.08141867,0,10.55376936,13.77409532,12.96576806,20.21133739,29.92074426,46,38.8592147,1.154713077,4.015279203,0,0.02089763,0,1
64,1.323685695,2.72196744,0.531970082,0,3.942217529,5.411468473,4.641610452,6.934686006,12.98528616,6.895423719,10.88595063,9.029099382,10.01750299,16.48732778,15.21749001,11.2063165,13.23902476,19.02195857,14.04342368,13.5109129,23.55697599,26.88780107,32.6665089,23.33553146,1.739696073,2.559861221,0,0.020809363,0,1
65,0.657760467,0,0.168153447,0.03462755,10,5.537401773,0,16,0,0,1.546220549,15.76258391,9.22281673,10.08082853,6.840385936,26.9756637,0,14.84521456,31.63930938,0.448277202,30.86498669,23.97383714,46,48,2.177601053,1.925521826,0,0.020629843,0,1
66,0.418389401,0,0.845078856,0.653199836,2.099784736,6.910042541,4.549008469,6.173981319,5.47604528,9.165726865,8.077713867,6.011696154,0.782080186,13.78732508,10.54361138,17.65518361,9.030455964,19.65599513,16.32938214,6.721327713,31.56048808,11.00516083,37.29549136,24.19560263,2.251409378,1.795338402,0,0.020527221,0,1
67,0.414346777,0.335612982,0,0,2.101238443,0,5.291742668,11.00483474,6.633096179,9.543955972,11.05343723,14.62141685,8.693192141,4.044818547,13.09497252,16.96715466,1.707872328,14.99770834,14.66402102,13.77019106,18.12168023,11.47636744,41.29110064,25.76110059,1.167774304,3.868442469,0,0.020400692,0,1
68,0,0.278841472,3.295093334,0,2.056841673,0,5.01155431,0,18,20,9.539415969,15.97209226,6.23410739,12.0245197,19.18124086,18.19823965,8.558949392,12.72711714,22.54476184,12.57738641,20.36084975,21.40468828,27.74515482,16.80058236,1.512514691,3.067199695,0,0.020179848,0,1
69,0,1.183794478,6,8,10,7.078724227,9.133662346,4.052963104,0.443366752,20,20.27646273,24,22.58686379,24.12063807,19.45415317,15.43683722,12.7524369,14.34432536,11.95506169,29.26759759,20.22439042,0,41.22679514,17.0256267,2.647428509,1.413636353,0,0.020151572,0,1
70,1.334699192,2.834737591,0,5.646755874,6.753820075,6.236840363,5.422776396,11.24061945,12.58102803,12.33806468,9.300117393,14.41555641,3.477074571,9.532595621,10.00189233,12.69999515,5.124876001,25.25590101,12.7387034,9.926781114,19.74344763,15.30062174,29.91731651,20.21959104,2.042294363,2.203682695,0,0.020085564,0,1
71,0.361371766,2.532541941,3.003385177,0.570577106,4.822429525,0.663178157,4.948436646,8.254746326,10.47882896,20,9.021691021,15.86140223,10.33572974,11.91493964,8.190404583,11.19957613,12.68874174,14.82064517,13.41642869,32.68106364,27.56951134,14.30188542,25.5888492,17.58063112,2.858087988,0.968738321,0,0.019745066,0,1
72,0,0.440739848,3.705199804,0,6.542505853,3.922341832,3.060279422,5.665013271,2.919668763,18.22578443,9.258698171,24,5.693229343,12.00169182,11.72682585,11.87229928,17.74481553,14.80151924,14.77367733,16.21635281,36.20486385,13.90693676,29.89053755,14.59818547,1.525936876,3.056558632,0,0.019631497,0,1
73,0.982169937,0,0.002634459,1.355978028,2.794223312,8.227693824,10.30337766,6.762256362,8.06688989,3.799636172,19.34164317,10.30533911,3.537968001,19.26129736,20.04662017,14.23186052,15.58663504,13.65029295,11.03613856,0,18.06437453,9.686047419,46,18.9210912,2.184949229,1.884833206,0,0.019578847,0,1
74,1.436297709,1.757214431,0,0.647491913,2.665671139,8.112443226,7.094962357,6.829767647,11.65212946,4.682442718,11.44786583,6.461841519,8.666154384,13.4214853,10.53924633,13.81447764,10.42915351,12.4535236,15.53447575,9.619982267,24.36850296,16.5061971,42.29599534,18.90129815,1.986155561,2.339350365,0,0.019449068,0,1
75,0,0.078881175,3.37415535,0.329876777,3.158766821,9.895423735,10.38430195,2.430660836,2.475385287,8.621301565,8.978932208,12.05125139,3.032936203,12.14611136,12.53874617,16.11735472,21.33785944,0,21.57706115,13.61099669,35.68599974,28.16024227,42.03317828,17.53313642,2.527427496,1.671137233,0,0.019382535,0,1
76,1.335327777,1.817894441,0.876855598,0.197343198,1.482282504,3.943204098,5.455884677,7.866316028,12.96666416,7.192210962,8.47844172,2.682223661,9.179511882,14.41803405,12.40461995,9.464118069,7.865866198,20.36318762,14.65790063,13.99016342,18.8166641,14.9010947,33.92483049,32.91030115,2.81920495,1.006997084,0,0.019339725,0,1
77,0.085483789,0.109278276,0.34149534,0,2.032252226,2.26501052,0,10.89343041,7.399490552,7.503131384,13.61480942,9.633830358,9.172535217,27.87292288,11.93398751,13.59820264,12.48047217,8.520668304,22.57248599,15.48775608,24.24914867,31.67077937,29.41855684,18.24512275,1.698192809,2.595553423,0,0.019335717,0,1
78,0.15506653,0.669839567,0,0.177795099,2.977712566,1.147467932,0,9.274957498,9.55158471,7.186374455,8.879554744,9.006427736,8.800651696,19.42833688,5.58557905,22.26448607,0.289942577,11.28771667,19.20397819,8.988936304,18.89243811,25.17824012,39.90013927,22.26982065,1.951450995,2.461074529,0,0.019309684,0,1
79,1.762151741,0,0,4.41360004,3.323361556,10.11827399,9.327957557,6.266536278,9.035261655,0,13.48926731,5.467891789,6.017792793,14.68857708,11.68562091,11.2040881,13.75363332,10.74676553,12.46899736,13.3187017,35.3505255,17.01174991,46,20.18439357,1.535795167,3.000814615,0,0.019161147,0,1
80,0.57312978,0,0,3.90429712,1.942765965,6.97913522,6.783642209,5.173031445,7.119640335,6.113587757,14.4236176,0.958168979,9.200962044,18.04074164,7.096473252,11.38601257,13.19631324,13.75351611,16.68952522,10.84626229,34.05332606,18.52448696,39.64903003,20.1272241,1.531874394,3.029087698,0,0.019032356,0,1
81,0.380546897,0.608079632,0,0.950849491,3.676665403,5.03679639,1.863806735,5.897019885,7.547557146,6.483437321,12.57409534,9.561998941,9.285504341,22.42139465,16.98564146,16.68572958,12.14453132,14.70776514,22.64775531,9.095975369,27.88406871,19.21472077,42.56181263,19.04722293,1.981249068,2.370658612,0,0.019029959,0,1
82,1.721049276,2.521734808,0,1.612421899,6.451187951,4.54314228,10.21231454,7.932098417,9.907985558,6.700455458,11.28840921,12.69414905,9.343749861,8.672966322,13.54122817,12.1617114,13.35697692,19.75094286,11.88746105,22.21949597,14.70158599,23.18794744,25.94255417,15.54250742,2.004133398,2.269039594,0,0.018867044,0,1
83,0,0.035224203,2.684223886,4.756026193,3.878999264,1.221017708,5.999109862,5.911451189,10.62465616,8.64343617,15.13366313,12.46584176,18.86365908,8.296198988,12.96062537,14.2349053,2.798266534,13.36424099,15.11362777,13.13841909,30.40123405,14.86924728,37.45669236,17.1285627,2.565939603,1.565664792,0,0.018747461,0,1
84,0.265076138,0,0.439212098,0.133816537,6.825877126,12,8.515550236,0,15.50014697,5.770529451,18.99319324,0,14.62839396,13.73069536,7.86030108,30.09464945,0,8.863457621,17.37156289,0,18.20854432,7.946130125,46,17.30115903,2.212880916,1.855563337,0,0.018711899,0,1
85,0.148079176,0.076479914,1.275452455,0.024160069,4.802274194,4.795788162,1.00822416,5.831045488,2.796535296,4.109530702,7.314605289,6.010368395,9.38804762,17.63386159,10.28072006,14.91709006,7.592151389,19.63037638,15.98158971,11.07386143,35.40077375,11.57016817,44.4083123,32.21300995,2.742109374,1.170048356,0,0.018473013,0,1
86,0,3.06293658,5.142437164,8,7.319334775,5.463447759,9.376562797,1.72092408,14.37064169,20,21.7599153,15.67709605,20.18225971,28,22.05477014,11.44668233,21.40877519,14.41150772,10.53629022,14.97764138,17.55787914,15.99740871,22.51436293,9.116058907,2.65110577,1.386049514,0,0.017951396,0,1
87,0,0.17946584,2.630313003,6.961554781,6.376734568,6.601645594,0,5.323493171,3.097968594,14.26516186,6.17521264,7.906944606,15.36800182,28,1.990887133,11.20325685,12.02182333,16.61090831,36.25102279,18.07471418,41.22342328,22.87546513,16.92683161,28.13778193,2.59568833,1.50509541,0,0.017867147,0,1
88,0.998017841,0.308098071,0,4.150449549,6.146074723,8.817535873,7.141384541,9.294721779,4.645705844,3.745288282,16.62483785,7.929939002,12.3121299,21.75815303,12.9592446,12.96167038,12.75655976,13.75684805,14.67611024,10.64308856,20.32972228,13.33720411,45.11050029,16.80104278,2.000970203,2.284854927,0,0.017823088,0,1
89,0,0.304796953,0.231150561,0,3.638894305,2.252012623,0,7.046169691,6.558557868,8.941376846,12.82800227,14.91498367,12.30618285,16.52995491,12.37871643,17.11986264,1.89843751,13.56966387,14.02955811,1.921128946,31.38761661,20.77440297,42.23996371,21.95303752,1.494802062,3.188150895,0,0.017730262,0,1
90,0.481150163,0,0,1.11037649,3.918536572,10.55405376,4.623924653,5.584673402,9.777068256,2.02413302,11.71993964,2.371067973,0,22.53363772,0,11.47903288,12.1294553,9.54409067,13.98013524,7.65126436,41.16887081,27.8135345,38.19838417,17.05759893,1.512350334,3.109053217,0,0.017665772,0,1
91,1.682717391,1.937339817,0,0.003531266,4.1440337,6.619623786,2.349490827,9.596231381,12.83388201,6.516325976,11.14667032,6.675790487,8.377207258,16.55642817,6.286764546,13.67235849,3.886439035,16.21373902,14.04745506,10.18135059,31.73736832,20.71720134,46,22.38734487,1.900277674,2.535663923,0,0.017643471,0,1
92,0,0.08011097,2.153267342,0,0,0,2.258126603,4.442830167,9.79970564,16.27622735,9.901668389,8.227729007,18.8079578,11.67316277,7.831961572,12.76898282,7.273133365,21.17078409,11.93349012,0,24.13176989,15.89605682,27.96662892,22.36414951,1.510377308,3.133733837,0,0.017509461,0,1
93,1.455381324,2.170618961,0,0.167793417,2.450804742,4.615957426,5.097404071,9.266838667,15.17479019,9.210045436,8.677991538,7.624295072,0,16.04327383,2.200259233,9.106427303,13.23404408,13.26073794,10.57125871,16.35739417,18.31292982,31.0399459,24.21439919,13.11490783,1.969192194,2.40825756,0,0.017436029,0,1
94,2,4,0,5.619724351,7.134080599,10.51420786,2.921088944,15.76313964,16.96109153,12.42417585,3.311997232,10.36363765,0,13.0113833,3.423335232,10.33608745,12.10020056,27.65808126,14.4309302,17.70754155,14.89043475,14.08871021,25.50084445,15.57418341,2.048009544,2.186370078,0,0.01739618,0,1
95,0,0,0,0.029024228,4.523056159,12,1.061745675,2.811395425,0,0,12.05759609,10.48110826,0,18.43324346,6.769862107,30.67836712,10.55919336,3.889741606,25.89596198,0,42,16.41437727,46,2.785196152,1.293108226,3.43224178,0,0.017376402,0,1
96,1.895577222,0,0,6.241059735,3.174107881,7.047994022,12.43904087,7.863154028,5.507502813,0,14.24452592,1.221881905,0.441726066,10.3589939,10.50464595,21.84701969,10.52436571,1.253086645,15.12735574,17.0623285,15.82316806,27.82925925,46,17.78935771,1.545749021,2.98129746,0,0.01733965,0,1
97,0,0.759359908,3.935080078,3.800003486,5.199612016,1.227051297,4.866020046,0.858052208,7.151708343,17.30228126,9.56717966,11.71910006,15.16426998,23.63645195,10.0344328,11.26467721,16.83748712,11.55715893,22.77645768,22.75124508,36.34156704,18.56144818,25.10774396,17.11142906,2.603763815,1.480556716,0,0.017066328,0,1
98,0,0.907445713,4.115939733,3.948487021,4.849203591,4.71019858,5.845615682,7.432297545,17.12343351,9.794011406,10.45860562,3.082158604,26,7.698301647,8.710621265,0,19.55288926,25.59815691,6.165551914,14.11596337,42,17.79312804,15.7938832,40.25466762,2.616010075,1.479328441,0,0.0169894,0,1
99,1.190345452,0,0.273237777,2.276882211,3.57420205,5.481523647,7.528073647,10.8449125,6.173333841,3.747529152,12.47474404,6.040905716,4.313164193,9.316766451,9.911101251,19.58121072,0.519226697,5.156610722,14.76154243,14.29097363,22.22870609,10.72249091,46,20.22024143,2.264621143,1.783730827,0,0.016682348,0,1
100,0,0.098013645,3.405433112,4.183269349,6.41245785,3.917427149,1.859137943,0.246106919,3.255928034,14.69889082,8.138093242,10.03252555,8.814504014,21.58357272,2.847154487,14.57978635,11.7962523,12.78260431,25.25814615,23.07077269,42,12.65797372,22.03267515,19.14218684,2.582394738,1.540909875,0,0.016421986,0,1
101,0.007871705,0.641040436,1.075135033,0,5.864105059,2.992893756,0,4.428611353,6.64273286,4.65084671,8.633627101,7.808056268,6.462751099,16.64317686,7.827829609,18.82892413,8.353828571,12.59942392,16.31537476,14.73980219,42,22.68800739,36.03065505,19.34536067,1.715933223,2.574685928,0,0.01635822,0,1
102,0,1.162384309,0.054268898,0,0,5.056724956,0.913798102,4.756426714,18,10.03254871,6.682261482,0,11.34786306,18.10080838,0,0,27.49240348,13.21990279,31.92771012,0,18.15107507,44,20.05734731,17.59399542,1.493554354,3.211122457,0,0.016338641,0,1
103,1.217840814,0,0.03099954,0.481411578,3.768245594,6.9297335,4.102538878,13.32241149,12.05322063,0,11.73991747,11.67046708,3.790034496,11.67473721,7.032460415,10.22372319,1.694119426,12.80490404,11.70723112,0,24.45903836,23.03384995,34.78554348,26.54033742,2.201210693,1.859336416,0,0.016322057,0,1
104,1.091377046,2.265947137,0.847888305,0.054669762,5.895392851,4.911019227,7.042099807,5.602469944,16.4105578,13.79324693,14.14760975,4.554255047,9.353778229,18.88667041,4.64073457,7.693486118,8.209023121,14.82039378,17.88300752,15.29399196,27.04298635,16.24383366,22.38365633,23.92407633,2.799341008,1.050452462,0,0.016301012,0,1
105,1.159144011,2.175951977,0.221908471,0,5.557636375,2.372295305,8.769745009,11.87328315,9.539189337,15.21239842,14.00000654,16.87942268,10.716534,7.128162307,14.56680535,11.58264789,8.639471821,11.3048558,8.217185953,18.40469207,15.94113837,13.64163116,35.84416966,16.84532388,1.729817981,2.56965694,0,0.016150273,0,1
106,0,1.331550608,3.571603246,1.59222968,3.821669765,6.84129376,6.28170761,5.305402072,7.697361363,12.58342053,12.10444721,9.813320612,11.44549183,28,6.80840224,1.365083984,29.13958462,22.75949215,12.56783139,14.27784739,36.28102043,17.2817413,26.51449889,16.8940346,2.588050722,1.519265259,0,0.015878436,0,1
107,0,0,0.001148223,0,0,11.3331229,10.88210329,2.445862249,7.469008438,2.697631345,22,5.408497928,23.38748099,2.642374986,18.59391827,20.23586475,14.49447424,8.81084212,13.75160396,0,4.252215631,15.71411687,46,8.587883947,1.133881777,4.093947717,0,0.015870971,0,1
108,1.462126222,1.98125378,0,0.23776206,8.523727983,7.020978263,3.555748688,16,10.52583276,5.031644799,6.108668825,17.14556832,1.637747845,9.478867533,3.255381555,19.65688587,0,17.96918044,1.893132477,14.7093739,15.07679039,15.72423059,41.57846158,21.43801308,1.97661598,2.395757003,0,0.015673501,0,1
109,0.100995844,0,0.072040284,0,8.543748186,0,0,0,8.874592503,8.113245744,7.171115026,0,6.462586433,14.37123027,19.93538717,13.84410208,2.891383396,18.78901118,35.9425031,11.97828081,23.14398251,15.80297454,38.23163638,48,1.304120772,3.396816179,0,0.018350384,0,1
110,0.28887686,0,0.000563027,1.697719003,1.865553097,1.288113471,0,1.304698165,11.43621751,4.171152894,12.47210914,0,18.46823913,28,7.941178548,14.20875213,6.093215061,8.769769486,31.31887777,0,28.97147695,30.2145022,46,28.53551807,2.174281677,1.945294503,0,0.01541781,0,1
111,0.018867034,0,3.31316571,1.670664844,2.07738894,2.191099689,4.676747431,5.500779645,8.106779311,15.12375778,13.10092619,18.36798294,9.440184597,9.398021095,14.90311391,6.003208047,14.86482658,5.132636147,14.59177393,11.0062522,36.97222115,16.30511385,20.92410014,20.19383119,2.273466906,1.774776911,0,0.014949469,0,1
112,1.189835884,1.886466421,0.084039772,0.261820935,4.980776548,4.727273118,4.46112411,7.577923768,16.21495505,10.6597755,12.13273922,9.524203552,5.529825362,18.53811777,8.927918542,10.57900349,12.77468435,14.985501,14.57402939,12.54963333,29.10110375,27.22795024,28.96410406,16.40681293,2.791595987,1.058456466,0,0.014918804,0,1
113,0.910265782,0,0.151574738,0.105466488,0.584903919,6.67168017,6.279348343,10.71327227,7.11257757,4.460800679,7.566999793,5.766435927,6.629835736,7.788233579,4.102434709,11.50730788,9.251850437,8.852459229,17.25731897,17.37971481,32.82093271,22.27558661,44.72936709,23.28502682,2.188960148,1.870745769,0,0.014869479,0,1
114,0,0.339625661,1.581361799,3.061210471,3.622638896,5.894122699,4.674486036,4.622962804,2.503931047,6.872176489,11.24748209,10.88679606,15.66480819,26.87730654,14.69201602,13.19915804,21.00516405,11.67359535,24.06712594,13.85034882,32.6597156,25.39039397,40.60630771,16.99400558,2.573868112,1.555390381,0,0.014786583,0,1
115,0.849009201,1.900452241,0.911710508,0.002281811,4.810792498,3.051524556,4.553553174,10.47229639,15.15620379,13.2132286,13.16238498,14.72107688,8.180562842,20.66414561,8.815375089,7.495566689,15.29503742,10.02132496,7.307029703,10.96019936,23.53298035,25.12051021,18.14407287,12.51739697,2.735809104,1.190796457,0,0.014736072,0,1
116,0,0,0,0.062243958,3.830989979,12,1.539667408,6.340627945,2.919457388,0,9.310772003,0,0,8.650372543,0,22.17398974,0,11.25998551,6.496243117,0,42,8.495828606,46,16.89267889,1.29580754,3.410633425,0,0.014585304,0,1
117,0.569575095,2.509900049,0.034385402,0,6.026826966,3.417984626,2.588043935,2.604491672,15.373127,8.626042686,12.2146863,10.03101273,6.908889752,28,13.57041908,9.001637145,18.50430504,17.86354231,17.78170506,13.78904968,30.25095851,34.51299903,22.05359447,16.33049549,1.709986799,2.593611019,0,0.014494063,0,1
118,0,0,0,0.011220196,6.006207066,5.63877705,0,4.211747942,12.94239396,1.444637353,9.21182481,13.84646221,0.363998367,20.17677714,1.326670317,31.05666111,3.794707835,0,34.63528745,0,18.95234725,44,42.63432815,9.206806952,1.285938686,3.459695776,0,0.014480455,0,1
119,0.556913394,0,0.216796629,0,0,5.970669126,3.376118459,4.66609071,0,0,11.15706644,1.365282238,11.01594394,18.19980269,19.79650225,19.374879,12.0594139,12.6942436,19.84111771,13.08821015,33.59671578,0.667162821,46,31.38541954,1.31650818,3.380501858,0,0.019605099,0,1
,,,,,,,,,,,,,,,,,,,,,,,,,,,,,,
summary,value,,,,,,,,,,,,,,,,,,,,,,,,,,,,,
function,WFG1,,,,,,,,,,,,,,,,,,,,,,,,,,,,,
generation_count,1000,,,,,,,,,,,,,,,,,,,,,,,,,,,,,
evaluation_count,95000,,,,,,,,,,,,,,,,,,,,,,,,,,,,,
final_alpha,126.3525955,,,,,,,,,,,,,,,,,,,,,,,,,,,,,
population_size,120,,,,,,,,,,,,,,,,,,,,,,,,,,,,,
dimension,24,,,,,,,,,,,,,,,,,,,,,,,,,,,,,
M,2,,,,,,,,,,,,,,,,,,,,,,,,,,,,,
k,4,,,,,,,,,,,,,,,,,,,,,,,,,,,,,
l,20,,,,,,,,,,,,,,,,,,,,,,,,,,,,,
